"date","epu_index_rel","Tema_std 0","Tema_std 1","Tema_std 2","Tema_std 3","Tema_std 4","Tema_std 5","Tema_std 6","Tema_std 7","Tema_std 8"
"1-2002",2.790084117076239,0.9069248443523917,1.9426683500664648,0.3509633636512476,1.3392636074681796,1.2865663380489694,2.0821331029548,0.6429539757246104,4.632040213645267,1.6170549875587357
"2-2002",1.5943337811864224,2.267312110880979,0.7770673400265858,0.3509633636512476,0.3348159018670449,2.2514910915856965,0.0,0.3214769878623052,0.5146711348494741,0.8085274937793678
"3-2002",1.6740504702457435,0.45346242217619587,0.0,0.7019267273024952,0.6696318037340898,2.2514910915856965,1.0410665514774,1.2859079514492209,1.5440134045484224,0.0
"4-2002",2.2320672936609913,1.3603872665285874,0.3885336700132929,0.7019267273024952,2.0088954112022694,2.8947742606101814,0.0,0.9644309635869157,1.0293422696989483,0.8085274937793678
"5-2002",2.630650738957597,2.267312110880979,0.7770673400265858,0.3509633636512476,1.6740795093352245,3.538057429634666,0.5205332757387,1.6073849393115263,0.5146711348494741,0.8085274937793678
"6-2002",4.384417898262662,3.1742369552333707,1.1656010100398788,0.0,4.687422626138629,3.8596990141469085,3.1231996544321996,2.5718159028984418,2.0586845393978965,0.4042637468896839
"7-2002",4.384417898262662,3.1742369552333707,1.5541346800531717,0.0,4.017790822404539,3.8596990141469085,2.6026663786935,2.893292890760747,2.0586845393978965,0.8085274937793678
"8-2002",3.268384251432166,0.45346242217619587,0.7770673400265858,0.3509633636512476,2.0088954112022694,4.824623767683636,2.6026663786935,1.2859079514492209,1.5440134045484224,1.6170549875587357
"9-2002",2.630650738957597,0.9069248443523917,0.7770673400265858,0.3509633636512476,2.0088954112022694,2.8947742606101814,0.5205332757387,2.250338915036137,1.0293422696989483,1.2127912406690518
"10-2002",2.072633915542349,1.3603872665285874,0.3885336700132929,0.3509633636512476,1.6740795093352245,1.2865663380489694,0.5205332757387,2.250338915036137,0.0,1.6170549875587357
"11-2002",1.7537671593050648,0.45346242217619587,0.7770673400265858,0.3509633636512476,1.3392636074681796,0.6432831690244847,0.5205332757387,2.250338915036137,1.5440134045484224,0.4042637468896839
"12-2002",1.7537671593050648,0.9069248443523917,0.3885336700132929,0.3509633636512476,0.6696318037340898,0.9649247535367271,0.5205332757387,1.6073849393115263,1.5440134045484224,1.6170549875587357
"1-2003",1.8334838483643858,0.45346242217619587,0.3885336700132929,1.4038534546049903,1.3392636074681796,2.5731326760979387,0.5205332757387,0.6429539757246104,0.0,0.8085274937793678
"2-2003",1.5943337811864224,0.9069248443523917,0.3885336700132929,1.0528900909537429,0.0,1.2865663380489694,0.0,2.250338915036137,1.0293422696989483,0.4042637468896839
"3-2003",3.0292341842542028,0.0,0.7770673400265858,0.7019267273024952,1.3392636074681796,5.146265352195877,0.5205332757387,2.250338915036137,0.0,2.4255824813381035
"4-2003",2.710367428016918,0.45346242217619587,0.7770673400265858,1.754816818256238,1.6740795093352245,2.5731326760979387,0.5205332757387,2.5718159028984418,1.5440134045484224,0.4042637468896839
"5-2003",2.1523506046016703,0.45346242217619587,1.1656010100398788,0.3509633636512476,2.0088954112022694,1.6082079225612118,0.5205332757387,2.250338915036137,0.0,1.2127912406690518
"6-2003",1.1160336468304957,0.9069248443523917,0.7770673400265858,0.0,1.3392636074681796,0.9649247535367271,0.0,0.3214769878623052,1.0293422696989483,0.0
"7-2003",0.9566002687118534,1.8138496887047835,0.0,0.3509633636512476,0.3348159018670449,0.9649247535367271,0.0,0.3214769878623052,0.0,0.8085274937793678
"8-2003",1.8334838483643858,0.45346242217619587,0.7770673400265858,1.0528900909537429,1.0044477056011347,1.9298495070734543,0.5205332757387,1.6073849393115263,0.5146711348494741,0.4042637468896839
"9-2003",1.195750335889817,0.9069248443523917,0.7770673400265858,0.3509633636512476,0.6696318037340898,1.2865663380489694,0.0,0.9644309635869157,0.5146711348494741,0.0
"10-2003",1.1160336468304957,0.45346242217619587,0.3885336700132929,0.3509633636512476,0.6696318037340898,1.6082079225612118,0.0,0.3214769878623052,0.5146711348494741,0.8085274937793678
"11-2003",1.0363169577711746,0.45346242217619587,0.7770673400265858,1.4038534546049903,0.0,0.32164158451224234,0.5205332757387,0.6429539757246104,0.5146711348494741,0.4042637468896839
"12-2003",1.355183714008459,0.9069248443523917,1.1656010100398788,0.3509633636512476,1.3392636074681796,0.32164158451224234,1.0410665514774,0.6429539757246104,1.0293422696989483,0.0
"1-2004",0.9566002687118534,0.0,1.5541346800531717,0.7019267273024952,0.3348159018670449,0.9649247535367271,0.5205332757387,0.3214769878623052,0.0,0.0
"2-2004",1.8334838483643858,0.9069248443523917,1.5541346800531717,0.0,0.0,2.2514910915856965,0.0,1.2859079514492209,2.0586845393978965,0.8085274937793678
"3-2004",1.5146170921271014,0.9069248443523917,1.5541346800531717,0.0,1.6740795093352245,0.9649247535367271,0.0,0.6429539757246104,1.0293422696989483,0.4042637468896839
"4-2004",1.355183714008459,0.45346242217619587,1.1656010100398788,0.0,0.3348159018670449,0.6432831690244847,1.0410665514774,0.6429539757246104,0.5146711348494741,2.02131873444842
"5-2004",1.5146170921271014,0.45346242217619587,1.1656010100398788,0.0,1.6740795093352245,0.6432831690244847,1.0410665514774,1.2859079514492209,0.5146711348494741,0.4042637468896839
"6-2004",1.4349004030677803,0.9069248443523917,1.1656010100398788,0.3509633636512476,1.6740795093352245,0.6432831690244847,0.5205332757387,0.3214769878623052,0.5146711348494741,0.8085274937793678
"7-2004",1.9132005374237069,0.45346242217619587,1.1656010100398788,0.3509633636512476,2.0088954112022694,0.9649247535367271,1.0410665514774,1.2859079514492209,1.0293422696989483,0.8085274937793678
"8-2004",1.6740504702457435,1.3603872665285874,0.7770673400265858,0.7019267273024952,1.6740795093352245,0.6432831690244847,1.5615998272160998,0.6429539757246104,0.5146711348494741,0.4042637468896839
"9-2004",1.275467024949138,1.8138496887047835,0.0,0.3509633636512476,1.0044477056011347,0.0,1.0410665514774,0.9644309635869157,0.5146711348494741,0.8085274937793678
"10-2004",2.1523506046016703,0.9069248443523917,1.5541346800531717,0.7019267273024952,2.0088954112022694,0.32164158451224234,2.6026663786935,1.2859079514492209,0.5146711348494741,0.8085274937793678
"11-2004",2.072633915542349,0.0,0.7770673400265858,1.4038534546049903,1.3392636074681796,1.2865663380489694,0.0,2.893292890760747,1.0293422696989483,0.4042637468896839
"12-2004",1.195750335889817,0.45346242217619587,1.1656010100398788,1.0528900909537429,0.6696318037340898,0.0,0.5205332757387,0.9644309635869157,0.5146711348494741,0.4042637468896839
"1-2005",1.275467024949138,1.3603872665285874,0.7770673400265858,0.0,0.0,1.6082079225612118,0.5205332757387,0.6429539757246104,0.5146711348494741,0.8085274937793678
"2-2005",1.1160336468304957,0.45346242217619587,0.7770673400265858,0.3509633636512476,0.6696318037340898,0.9649247535367271,0.5205332757387,0.9644309635869157,0.5146711348494741,0.0
"3-2005",1.4349004030677803,0.45346242217619587,0.3885336700132929,0.0,1.0044477056011347,1.6082079225612118,1.0410665514774,0.9644309635869157,0.0,1.2127912406690518
"4-2005",1.1160336468304957,1.3603872665285874,0.0,0.7019267273024952,0.6696318037340898,0.6432831690244847,0.0,0.6429539757246104,0.0,1.2127912406690518
"5-2005",1.6740504702457435,4.988086643938154,0.3885336700132929,0.3509633636512476,0.3348159018670449,0.32164158451224234,0.0,1.6073849393115263,0.5146711348494741,0.0
"6-2005",1.355183714008459,2.267312110880979,0.7770673400265858,1.0528900909537429,0.6696318037340898,0.32164158451224234,0.5205332757387,0.9644309635869157,0.0,0.0
"7-2005",0.7971668905932112,1.3603872665285874,0.3885336700132929,0.0,0.0,0.0,0.0,0.6429539757246104,1.0293422696989483,0.8085274937793678
"8-2005",1.5146170921271014,4.081161799585763,0.7770673400265858,0.3509633636512476,1.0044477056011347,0.32164158451224234,0.0,0.3214769878623052,0.5146711348494741,0.4042637468896839
"9-2005",2.072633915542349,1.8138496887047835,0.7770673400265858,0.7019267273024952,3.013343116803404,0.32164158451224234,0.0,0.9644309635869157,1.0293422696989483,1.2127912406690518
"10-2005",1.4349004030677803,0.9069248443523917,0.3885336700132929,0.0,1.3392636074681796,1.2865663380489694,0.5205332757387,0.6429539757246104,1.0293422696989483,0.8085274937793678
"11-2005",1.9929172264830282,3.1742369552333707,1.5541346800531717,0.3509633636512476,1.6740795093352245,0.32164158451224234,1.0410665514774,1.2859079514492209,0.0,0.4042637468896839
"12-2005",2.1523506046016703,1.8138496887047835,0.3885336700132929,0.3509633636512476,1.6740795093352245,1.2865663380489694,1.0410665514774,3.2147698786230525,0.0,0.0
"1-2006",1.5943337811864224,0.9069248443523917,0.7770673400265858,0.3509633636512476,1.6740795093352245,1.6082079225612118,0.5205332757387,0.0,1.0293422696989483,0.8085274937793678
"2-2006",0.7174502015338902,0.0,0.0,0.0,1.0044477056011347,0.9649247535367271,0.0,0.3214769878623052,0.5146711348494741,0.4042637468896839
"3-2006",1.355183714008459,0.45346242217619587,0.3885336700132929,0.3509633636512476,1.6740795093352245,1.2865663380489694,0.0,0.9644309635869157,0.5146711348494741,0.4042637468896839
"4-2006",1.5146170921271014,0.45346242217619587,0.7770673400265858,0.0,2.0088954112022694,0.0,2.0821331029548,1.9288619271738314,0.0,0.0
"5-2006",1.6740504702457435,0.9069248443523917,0.0,0.7019267273024952,2.3437113130693144,1.9298495070734543,0.5205332757387,0.6429539757246104,0.5146711348494741,0.0
"6-2006",1.9132005374237069,3.627699377409567,0.0,0.3509633636512476,3.013343116803404,1.6082079225612118,0.0,0.3214769878623052,0.0,0.0
"7-2006",1.5146170921271014,0.45346242217619587,0.3885336700132929,0.3509633636512476,2.6785272149363593,0.9649247535367271,0.5205332757387,0.6429539757246104,0.5146711348494741,0.4042637468896839
"8-2006",1.195750335889817,0.9069248443523917,1.1656010100398788,0.7019267273024952,1.0044477056011347,0.0,0.5205332757387,0.3214769878623052,0.0,1.2127912406690518
"9-2006",1.1160336468304957,1.3603872665285874,0.7770673400265858,0.0,0.6696318037340898,0.32164158451224234,0.5205332757387,0.9644309635869157,0.5146711348494741,0.4042637468896839
"10-2006",1.355183714008459,0.0,0.7770673400265858,0.7019267273024952,0.0,0.9649247535367271,0.0,1.6073849393115263,2.0586845393978965,0.4042637468896839
"11-2006",1.4349004030677803,0.9069248443523917,0.3885336700132929,0.7019267273024952,0.0,1.6082079225612118,0.0,1.6073849393115263,1.0293422696989483,0.4042637468896839
"12-2006",0.7971668905932112,0.9069248443523917,0.7770673400265858,0.7019267273024952,0.3348159018670449,0.0,0.0,0.6429539757246104,0.5146711348494741,0.0
"1-2007",0.8768835796525324,0.9069248443523917,0.3885336700132929,0.0,0.0,0.9649247535367271,0.5205332757387,0.3214769878623052,0.5146711348494741,0.8085274937793678
"2-2007",0.7174502015338902,0.45346242217619587,0.0,0.0,0.0,0.32164158451224234,0.0,1.2859079514492209,1.5440134045484224,0.0
"3-2007",0.9566002687118534,1.8138496887047835,0.7770673400265858,0.0,0.3348159018670449,0.0,0.5205332757387,0.9644309635869157,0.5146711348494741,0.0
"4-2007",0.7174502015338902,0.9069248443523917,0.3885336700132929,0.0,0.0,0.0,0.0,1.6073849393115263,0.0,0.4042637468896839
"5-2007",1.1160336468304957,0.9069248443523917,0.3885336700132929,0.0,1.0044477056011347,0.9649247535367271,0.0,0.6429539757246104,1.0293422696989483,0.4042637468896839
"6-2007",0.637733512474569,0.0,1.5541346800531717,0.3509633636512476,0.0,0.0,0.5205332757387,0.3214769878623052,0.5146711348494741,0.0
"7-2007",0.8768835796525324,1.3603872665285874,1.1656010100398788,0.3509633636512476,0.3348159018670449,0.0,0.5205332757387,0.3214769878623052,0.5146711348494741,0.0
"8-2007",1.6740504702457435,0.9069248443523917,0.3885336700132929,0.3509633636512476,1.3392636074681796,0.32164158451224234,2.0821331029548,1.9288619271738314,0.0,0.8085274937793678
"9-2007",0.8768835796525324,0.9069248443523917,0.0,0.3509633636512476,1.3392636074681796,0.0,0.0,0.9644309635869157,0.5146711348494741,0.0
"10-2007",0.5580168234152478,0.45346242217619587,0.0,0.7019267273024952,0.3348159018670449,0.0,0.0,0.6429539757246104,0.5146711348494741,0.0
"11-2007",0.9566002687118534,0.9069248443523917,0.0,1.0528900909537429,0.0,0.0,1.0410665514774,0.9644309635869157,0.5146711348494741,0.4042637468896839
"12-2007",1.355183714008459,2.720774533057175,0.7770673400265858,0.3509633636512476,0.3348159018670449,0.32164158451224234,0.5205332757387,0.9644309635869157,0.5146711348494741,0.4042637468896839
"1-2008",1.195750335889817,0.45346242217619587,0.3885336700132929,1.0528900909537429,0.6696318037340898,0.6432831690244847,1.0410665514774,0.9644309635869157,0.0,0.4042637468896839
"2-2008",0.7971668905932112,0.45346242217619587,0.0,0.7019267273024952,1.0044477056011347,0.0,0.0,0.9644309635869157,0.0,0.4042637468896839
"3-2008",1.195750335889817,0.45346242217619587,0.0,0.3509633636512476,1.6740795093352245,0.9649247535367271,0.0,0.6429539757246104,0.5146711348494741,0.8085274937793678
"4-2008",1.7537671593050648,0.9069248443523917,1.5541346800531717,0.3509633636512476,0.3348159018670449,0.32164158451224234,2.0821331029548,2.5718159028984418,0.5146711348494741,0.0
"5-2008",1.0363169577711746,0.45346242217619587,0.3885336700132929,0.3509633636512476,0.6696318037340898,0.6432831690244847,0.5205332757387,0.9644309635869157,0.0,0.8085274937793678
"6-2008",1.8334838483643858,1.3603872665285874,0.3885336700132929,1.0528900909537429,0.6696318037340898,0.0,3.1231996544321996,0.3214769878623052,2.0586845393978965,1.2127912406690518
"7-2008",1.0363169577711746,0.9069248443523917,0.3885336700132929,1.0528900909537429,0.0,0.32164158451224234,0.0,1.2859079514492209,0.5146711348494741,0.4042637468896839
"8-2008",1.355183714008459,0.0,0.3885336700132929,0.0,0.3348159018670449,1.2865663380489694,1.5615998272160998,1.6073849393115263,0.5146711348494741,0.8085274937793678
"9-2008",2.2320672936609913,0.45346242217619587,1.5541346800531717,1.4038534546049903,0.3348159018670449,1.2865663380489694,1.5615998272160998,1.9288619271738314,0.5146711348494741,1.6170549875587357
"10-2008",4.2249845201440195,2.720774533057175,1.5541346800531717,0.3509633636512476,1.6740795093352245,4.502982183171393,6.7669325846031,1.6073849393115263,1.5440134045484224,0.8085274937793678
"11-2008",3.348100940491487,2.720774533057175,1.1656010100398788,1.754816818256238,0.6696318037340898,2.2514910915856965,4.1642662059096,1.2859079514492209,1.5440134045484224,1.6170549875587357
"12-2008",2.8698008061355607,0.45346242217619587,2.7197356900930507,0.3509633636512476,0.6696318037340898,1.6082079225612118,1.5615998272160998,0.9644309635869157,3.602697943946319,2.8298462282277876
"1-2009",1.9132005374237069,0.45346242217619587,1.1656010100398788,0.7019267273024952,0.6696318037340898,0.9649247535367271,1.5615998272160998,0.6429539757246104,1.0293422696989483,2.4255824813381035
"2-2009",1.9132005374237069,0.45346242217619587,1.1656010100398788,0.7019267273024952,0.3348159018670449,2.5731326760979387,1.5615998272160998,0.3214769878623052,1.5440134045484224,0.8085274937793678
"3-2009",1.1160336468304957,1.3603872665285874,0.7770673400265858,0.3509633636512476,0.3348159018670449,0.0,0.5205332757387,0.9644309635869157,1.0293422696989483,0.4042637468896839
"4-2009",1.5146170921271014,0.0,0.0,0.3509633636512476,0.0,1.6082079225612118,3.1231996544321996,0.3214769878623052,1.5440134045484224,1.2127912406690518
"5-2009",0.9566002687118534,0.45346242217619587,1.1656010100398788,0.0,0.0,0.6432831690244847,0.0,0.6429539757246104,2.0586845393978965,0.0
"6-2009",1.5146170921271014,0.45346242217619587,0.3885336700132929,0.7019267273024952,1.0044477056011347,0.32164158451224234,0.5205332757387,2.250338915036137,1.0293422696989483,0.4042637468896839
"7-2009",1.355183714008459,0.45346242217619587,1.1656010100398788,1.4038534546049903,0.0,0.6432831690244847,1.0410665514774,1.2859079514492209,0.0,0.4042637468896839
"8-2009",0.9566002687118534,0.0,0.7770673400265858,0.3509633636512476,0.0,1.2865663380489694,0.5205332757387,0.6429539757246104,1.0293422696989483,0.0
"9-2009",1.5146170921271014,0.9069248443523917,1.9426683500664648,1.4038534546049903,1.0044477056011347,0.6432831690244847,0.5205332757387,0.3214769878623052,0.0,0.4042637468896839
"10-2009",1.5943337811864224,0.45346242217619587,1.1656010100398788,1.0528900909537429,2.0088954112022694,0.6432831690244847,0.0,0.9644309635869157,0.5146711348494741,0.4042637468896839
"11-2009",1.275467024949138,0.45346242217619587,0.7770673400265858,1.4038534546049903,0.0,0.0,0.5205332757387,1.9288619271738314,0.5146711348494741,0.4042637468896839
"12-2009",1.8334838483643858,0.0,1.1656010100398788,0.7019267273024952,1.0044477056011347,0.9649247535367271,1.0410665514774,1.6073849393115263,0.5146711348494741,1.6170549875587357
"1-2010",1.195750335889817,0.0,0.3885336700132929,0.7019267273024952,0.6696318037340898,0.9649247535367271,0.5205332757387,0.0,1.5440134045484224,1.2127912406690518
"2-2010",1.195750335889817,2.267312110880979,0.3885336700132929,0.3509633636512476,0.3348159018670449,0.6432831690244847,1.0410665514774,0.3214769878623052,0.5146711348494741,0.4042637468896839
"3-2010",1.0363169577711746,0.45346242217619587,1.1656010100398788,0.3509633636512476,0.3348159018670449,0.32164158451224234,1.0410665514774,0.0,1.0293422696989483,0.8085274937793678
"4-2010",1.355183714008459,1.3603872665285874,0.7770673400265858,1.0528900909537429,0.3348159018670449,1.2865663380489694,0.5205332757387,0.6429539757246104,0.0,0.4042637468896839
"5-2010",1.9132005374237069,0.9069248443523917,0.0,1.754816818256238,0.0,0.6432831690244847,1.0410665514774,2.250338915036137,1.0293422696989483,1.6170549875587357
"6-2010",1.8334838483643858,0.45346242217619587,1.9426683500664648,1.4038534546049903,1.6740795093352245,0.32164158451224234,2.0821331029548,0.3214769878623052,0.5146711348494741,0.4042637468896839
"7-2010",1.0363169577711746,0.45346242217619587,0.7770673400265858,1.0528900909537429,0.0,0.32164158451224234,1.0410665514774,0.0,1.0293422696989483,0.8085274937793678
"8-2010",0.7174502015338902,0.45346242217619587,0.3885336700132929,0.3509633636512476,0.0,0.9649247535367271,0.5205332757387,0.0,0.5146711348494741,0.4042637468896839
"9-2010",1.195750335889817,1.3603872665285874,0.7770673400265858,0.3509633636512476,0.6696318037340898,0.32164158451224234,1.0410665514774,0.3214769878623052,1.5440134045484224,0.0
"10-2010",1.7537671593050648,1.3603872665285874,1.1656010100398788,1.754816818256238,0.0,0.6432831690244847,0.5205332757387,2.250338915036137,0.0,0.4042637468896839
"11-2010",1.6740504702457435,0.0,0.3885336700132929,1.754816818256238,1.3392636074681796,0.9649247535367271,0.0,1.9288619271738314,0.0,0.8085274937793678
"12-2010",1.355183714008459,0.45346242217619587,1.5541346800531717,0.7019267273024952,0.0,1.6082079225612118,0.5205332757387,0.6429539757246104,1.0293422696989483,0.0
"1-2011",0.8768835796525324,1.3603872665285874,0.3885336700132929,1.0528900909537429,0.0,0.0,1.0410665514774,0.0,0.0,0.8085274937793678
"2-2011",1.5146170921271014,2.267312110880979,0.0,1.4038534546049903,0.6696318037340898,0.32164158451224234,0.5205332757387,0.9644309635869157,1.0293422696989483,0.4042637468896839
"3-2011",2.630650738957597,0.9069248443523917,3.1082693601063434,2.1057801819074857,0.6696318037340898,2.2514910915856965,2.0821331029548,0.9644309635869157,0.0,0.4042637468896839
"4-2011",1.5943337811864224,1.3603872665285874,1.9426683500664648,0.3509633636512476,0.3348159018670449,1.2865663380489694,1.0410665514774,0.6429539757246104,0.5146711348494741,0.4042637468896839
"5-2011",1.5943337811864224,0.45346242217619587,0.7770673400265858,1.0528900909537429,1.6740795093352245,1.2865663380489694,1.0410665514774,0.3214769878623052,0.5146711348494741,0.4042637468896839
"6-2011",3.348100940491487,3.1742369552333707,2.3312020200797576,1.0528900909537429,1.6740795093352245,1.2865663380489694,1.0410665514774,3.5362468664853575,1.0293422696989483,0.8085274937793678
"7-2011",4.3047012092033405,0.45346242217619587,3.4968030301196364,1.4038534546049903,2.0088954112022694,5.46790693670812,3.1231996544321996,2.5718159028984418,0.5146711348494741,0.8085274937793678
"8-2011",5.341018166974515,1.3603872665285874,1.9426683500664648,4.2115603638149715,5.3570544298727185,4.824623767683636,3.1231996544321996,1.6073849393115263,0.5146711348494741,1.6170549875587357
"9-2011",3.9858344529660563,0.45346242217619587,2.7197356900930507,4.2115603638149715,5.022238528005674,1.2865663380489694,3.1231996544321996,0.3214769878623052,1.0293422696989483,0.8085274937793678
"10-2011",3.7466843857880927,0.45346242217619587,5.439471380186101,3.158670272861228,1.3392636074681796,2.8947742606101814,2.0821331029548,0.9644309635869157,0.5146711348494741,0.8085274937793678
"11-2011",4.3047012092033405,1.8138496887047835,1.9426683500664648,5.615413818419961,1.3392636074681796,1.9298495070734543,1.5615998272160998,3.5362468664853575,2.5733556742473707,0.0
"12-2011",4.2249845201440195,0.9069248443523917,3.8853367001329295,2.456743545558733,1.3392636074681796,2.8947742606101814,1.0410665514774,1.9288619271738314,2.5733556742473707,3.2341099751174713
"1-2012",2.630650738957597,0.45346242217619587,2.3312020200797576,2.456743545558733,1.0044477056011347,0.9649247535367271,1.5615998272160998,0.9644309635869157,1.0293422696989483,2.02131873444842
"2-2012",2.630650738957597,0.9069248443523917,1.9426683500664648,1.4038534546049903,1.0044477056011347,0.9649247535367271,2.6026663786935,2.893292890760747,0.5146711348494741,0.4042637468896839
"3-2012",2.3117839827203124,1.8138496887047835,2.3312020200797576,2.456743545558733,0.3348159018670449,0.9649247535367271,2.0821331029548,0.6429539757246104,1.0293422696989483,0.0
"4-2012",3.108950873313524,0.0,1.9426683500664648,1.4038534546049903,1.0044477056011347,3.2164158451224236,0.5205332757387,0.9644309635869157,5.146711348494741,1.2127912406690518
"5-2012",3.4278176295508085,3.627699377409567,1.1656010100398788,3.8605970001637235,1.6740795093352245,1.6082079225612118,2.6026663786935,0.9644309635869157,1.5440134045484224,0.0
"6-2012",5.739601612271121,0.9069248443523917,4.662404040159515,3.158670272861228,3.682974920537494,2.2514910915856965,1.5615998272160998,4.179200842209968,5.661382483344215,1.6170549875587357
"7-2012",3.7466843857880927,1.8138496887047835,3.8853367001329295,2.456743545558733,2.6785272149363593,0.9649247535367271,1.0410665514774,2.5718159028984418,2.0586845393978965,0.4042637468896839
"8-2012",3.9061177639067353,1.3603872665285874,3.8853367001329295,1.754816818256238,2.3437113130693144,2.8947742606101814,0.5205332757387,1.6073849393115263,3.602697943946319,0.8085274937793678
"9-2012",3.0292341842542028,1.8138496887047835,1.5541346800531717,1.4038534546049903,3.013343116803404,0.9649247535367271,0.0,1.6073849393115263,1.5440134045484224,2.4255824813381035
"10-2012",3.7466843857880927,2.267312110880979,1.9426683500664648,1.0528900909537429,1.6740795093352245,1.9298495070734543,1.0410665514774,4.179200842209968,2.5733556742473707,1.2127912406690518
"11-2012",3.108950873313524,1.8138496887047835,1.9426683500664648,3.8605970001637235,0.3348159018670449,0.6432831690244847,0.0,1.6073849393115263,2.0586845393978965,2.8298462282277876
"12-2012",3.268384251432166,2.720774533057175,2.7197356900930507,0.7019267273024952,0.3348159018670449,1.2865663380489694,2.6026663786935,2.893292890760747,2.5733556742473707,0.8085274937793678
"1-2013",4.145267831084698,2.267312110880979,1.9426683500664648,3.8605970001637235,1.0044477056011347,1.6082079225612118,1.0410665514774,3.5362468664853575,3.602697943946319,1.2127912406690518
"2-2013",1.7537671593050648,1.8138496887047835,1.1656010100398788,0.7019267273024952,0.6696318037340898,0.0,0.5205332757387,3.2147698786230525,0.0,0.0
"3-2013",2.471217360838955,0.9069248443523917,1.5541346800531717,0.0,1.0044477056011347,1.2865663380489694,2.0821331029548,3.2147698786230525,0.5146711348494741,1.2127912406690518
"4-2013",1.9132005374237069,0.45346242217619587,2.3312020200797576,1.754816818256238,0.0,0.6432831690244847,0.0,0.9644309635869157,0.5146711348494741,2.4255824813381035
"5-2013",2.3117839827203124,2.267312110880979,1.5541346800531717,2.8077069092099807,1.3392636074681796,0.32164158451224234,0.5205332757387,0.9644309635869157,1.5440134045484224,0.0
"6-2013",2.1523506046016703,0.45346242217619587,0.3885336700132929,0.7019267273024952,4.687422626138629,0.6432831690244847,0.0,1.2859079514492209,1.0293422696989483,0.4042637468896839
"7-2013",2.630650738957597,1.3603872665285874,2.3312020200797576,1.0528900909537429,2.3437113130693144,0.32164158451224234,2.0821331029548,0.9644309635869157,1.5440134045484224,1.2127912406690518
"8-2013",1.8334838483643858,0.45346242217619587,1.9426683500664648,1.0528900909537429,0.6696318037340898,0.32164158451224234,1.0410665514774,0.6429539757246104,1.0293422696989483,2.02131873444842
"9-2013",2.072633915542349,0.45346242217619587,0.7770673400265858,2.1057801819074857,3.348159018670449,0.32164158451224234,0.5205332757387,0.3214769878623052,1.0293422696989483,0.8085274937793678
"10-2013",2.630650738957597,2.267312110880979,0.7770673400265858,1.4038534546049903,2.3437113130693144,0.9649247535367271,1.0410665514774,1.6073849393115263,1.5440134045484224,0.8085274937793678
"11-2013",2.630650738957597,0.9069248443523917,1.5541346800531717,0.3509633636512476,1.3392636074681796,0.6432831690244847,2.0821331029548,1.9288619271738314,4.117369078795793,0.8085274937793678
"12-2013",2.550934049898276,2.267312110880979,1.9426683500664648,1.4038534546049903,0.6696318037340898,0.32164158451224234,0.5205332757387,2.250338915036137,1.0293422696989483,2.02131873444842
"1-2014",2.2320672936609913,0.45346242217619587,0.7770673400265858,1.754816818256238,2.3437113130693144,0.0,1.5615998272160998,0.6429539757246104,3.602697943946319,0.4042637468896839
"2-2014",1.7537671593050648,0.0,1.1656010100398788,1.754816818256238,0.6696318037340898,0.6432831690244847,0.5205332757387,1.2859079514492209,2.5733556742473707,0.0
"3-2014",1.7537671593050648,0.9069248443523917,1.9426683500664648,1.0528900909537429,1.0044477056011347,0.9649247535367271,0.5205332757387,0.9644309635869157,0.5146711348494741,0.4042637468896839
"4-2014",2.391500671779634,0.45346242217619587,0.7770673400265858,2.8077069092099807,1.0044477056011347,0.6432831690244847,1.5615998272160998,1.6073849393115263,2.0586845393978965,0.8085274937793678
"5-2014",1.6740504702457435,0.0,0.7770673400265858,0.3509633636512476,0.3348159018670449,0.9649247535367271,2.0821331029548,1.9288619271738314,1.0293422696989483,0.8085274937793678
"6-2014",2.3117839827203124,1.8138496887047835,2.7197356900930507,0.3509633636512476,1.0044477056011347,1.2865663380489694,2.0821331029548,1.6073849393115263,0.5146711348494741,0.0
"7-2014",2.072633915542349,0.45346242217619587,1.5541346800531717,0.3509633636512476,1.0044477056011347,1.2865663380489694,2.0821331029548,1.6073849393115263,1.5440134045484224,0.4042637468896839
"8-2014",2.550934049898276,1.3603872665285874,1.9426683500664648,0.7019267273024952,2.3437113130693144,1.2865663380489694,1.5615998272160998,2.250338915036137,0.5146711348494741,0.0
"9-2014",2.9495174951948817,0.9069248443523917,2.3312020200797576,1.0528900909537429,1.0044477056011347,0.6432831690244847,1.5615998272160998,4.500677830072274,0.5146711348494741,1.2127912406690518
"10-2014",2.3117839827203124,1.3603872665285874,1.5541346800531717,0.3509633636512476,1.6740795093352245,0.6432831690244847,0.5205332757387,2.893292890760747,1.5440134045484224,0.4042637468896839
"11-2014",2.630650738957597,1.3603872665285874,1.1656010100398788,0.7019267273024952,0.3348159018670449,1.2865663380489694,2.6026663786935,3.5362468664853575,1.5440134045484224,0.4042637468896839
"12-2014",2.9495174951948817,0.9069248443523917,0.7770673400265858,1.4038534546049903,2.0088954112022694,0.6432831690244847,4.6847994816483,1.6073849393115263,2.5733556742473707,0.8085274937793678
"1-2015",2.8698008061355607,1.3603872665285874,3.4968030301196364,1.754816818256238,1.3392636074681796,0.0,1.5615998272160998,1.6073849393115263,1.0293422696989483,2.02131873444842
"2-2015",2.3117839827203124,1.3603872665285874,2.3312020200797576,1.754816818256238,0.6696318037340898,0.32164158451224234,1.5615998272160998,0.6429539757246104,1.0293422696989483,2.02131873444842
"3-2015",2.8698008061355607,2.267312110880979,2.7197356900930507,0.3509633636512476,2.0088954112022694,0.6432831690244847,2.6026663786935,0.6429539757246104,1.0293422696989483,2.4255824813381035
"4-2015",2.710367428016918,0.9069248443523917,0.7770673400265858,0.3509633636512476,1.6740795093352245,0.9649247535367271,3.6437329301709,2.250338915036137,2.0586845393978965,1.2127912406690518
"5-2015",1.6740504702457435,0.9069248443523917,0.7770673400265858,1.0528900909537429,1.0044477056011347,0.9649247535367271,0.0,1.6073849393115263,1.0293422696989483,0.4042637468896839
"6-2015",2.630650738957597,2.267312110880979,1.5541346800531717,1.0528900909537429,1.6740795093352245,0.6432831690244847,1.5615998272160998,0.9644309635869157,1.5440134045484224,2.02131873444842
"7-2015",2.9495174951948817,3.1742369552333707,1.5541346800531717,0.3509633636512476,2.3437113130693144,0.9649247535367271,1.0410665514774,2.250338915036137,1.5440134045484224,1.2127912406690518
"8-2015",3.0292341842542028,3.1742369552333707,2.3312020200797576,0.7019267273024952,1.6740795093352245,1.2865663380489694,1.0410665514774,1.2859079514492209,1.5440134045484224,2.02131873444842
"9-2015",4.3047012092033405,4.534624221761958,4.273870370146223,1.4038534546049903,3.013343116803404,0.9649247535367271,2.0821331029548,2.250338915036137,1.0293422696989483,1.6170549875587357
"10-2015",2.9495174951948817,1.8138496887047835,3.4968030301196364,0.7019267273024952,2.3437113130693144,0.9649247535367271,0.5205332757387,1.2859079514492209,2.0586845393978965,1.2127912406690518
"11-2015",2.072633915542349,1.8138496887047835,1.1656010100398788,0.7019267273024952,1.6740795093352245,0.6432831690244847,0.0,1.9288619271738314,1.0293422696989483,0.8085274937793678
"12-2015",3.4278176295508085,0.45346242217619587,4.662404040159515,1.4038534546049903,2.3437113130693144,0.0,1.0410665514774,3.2147698786230525,3.602697943946319,0.0
"1-2016",1.9929172264830282,0.9069248443523917,0.7770673400265858,2.1057801819074857,2.0088954112022694,0.0,1.5615998272160998,1.6073849393115263,0.5146711348494741,0.0
"2-2016",2.790084117076239,0.45346242217619587,3.4968030301196364,0.7019267273024952,1.6740795093352245,0.9649247535367271,1.5615998272160998,1.2859079514492209,2.5733556742473707,1.2127912406690518
"3-2016",2.1523506046016703,0.9069248443523917,0.7770673400265858,0.7019267273024952,2.0088954112022694,0.9649247535367271,1.0410665514774,1.9288619271738314,1.0293422696989483,0.8085274937793678
"4-2016",2.3117839827203124,2.267312110880979,1.1656010100398788,2.1057801819074857,1.0044477056011347,0.32164158451224234,1.0410665514774,1.9288619271738314,1.5440134045484224,0.0
"5-2016",2.2320672936609913,1.3603872665285874,1.1656010100398788,0.7019267273024952,0.6696318037340898,0.32164158451224234,1.5615998272160998,1.9288619271738314,3.088026809096845,0.8085274937793678
"6-2016",3.9061177639067353,3.1742369552333707,2.3312020200797576,4.2115603638149715,0.3348159018670449,0.6432831690244847,2.0821331029548,2.250338915036137,0.5146711348494741,3.6383737220071555
"7-2016",3.8264010748474138,1.3603872665285874,2.7197356900930507,5.264450454768713,1.3392636074681796,0.9649247535367271,1.5615998272160998,1.2859079514492209,2.0586845393978965,2.02131873444842
"8-2016",2.8698008061355607,3.1742369552333707,1.1656010100398788,1.0528900909537429,3.348159018670449,0.32164158451224234,1.0410665514774,1.2859079514492209,1.0293422696989483,1.6170549875587357
"9-2016",2.550934049898276,2.720774533057175,1.1656010100398788,0.7019267273024952,1.6740795093352245,0.0,0.0,1.9288619271738314,1.5440134045484224,2.8298462282277876
"10-2016",2.630650738957597,1.8138496887047835,0.7770673400265858,2.1057801819074857,0.3348159018670449,0.6432831690244847,2.0821331029548,2.250338915036137,2.5733556742473707,0.8085274937793678
"11-2016",3.108950873313524,1.3603872665285874,1.5541346800531717,3.8605970001637235,2.0088954112022694,0.32164158451224234,1.5615998272160998,1.2859079514492209,0.0,2.8298462282277876
"12-2016",4.543851276381304,2.720774533057175,2.3312020200797576,2.456743545558733,1.3392636074681796,0.32164158451224234,2.0821331029548,3.5362468664853575,1.5440134045484224,6.063956203345259
"1-2017",4.623567965440625,2.720774533057175,2.3312020200797576,2.456743545558733,2.3437113130693144,0.6432831690244847,2.0821331029548,4.500677830072274,1.5440134045484224,3.6383737220071555
"2-2017",3.5075343186101295,0.45346242217619587,1.1656010100398788,1.4038534546049903,2.0088954112022694,0.9649247535367271,0.5205332757387,1.9288619271738314,4.117369078795793,4.851164962676207
"3-2017",2.550934049898276,2.720774533057175,1.9426683500664648,0.3509633636512476,1.3392636074681796,0.6432831690244847,1.5615998272160998,1.9288619271738314,1.5440134045484224,0.8085274937793678
"4-2017",1.7537671593050648,0.9069248443523917,0.7770673400265858,1.0528900909537429,0.3348159018670449,0.0,0.5205332757387,1.9288619271738314,1.5440134045484224,1.6170549875587357
"5-2017",3.8264010748474138,4.988086643938154,1.5541346800531717,1.754816818256238,0.6696318037340898,0.32164158451224234,0.5205332757387,3.857723854347663,2.5733556742473707,2.8298462282277876
"6-2017",2.550934049898276,2.720774533057175,2.3312020200797576,1.0528900909537429,0.3348159018670449,1.9298495070734543,0.0,1.6073849393115263,1.0293422696989483,1.2127912406690518
"7-2017",2.3117839827203124,3.1742369552333707,0.3885336700132929,1.4038534546049903,1.0044477056011347,0.6432831690244847,1.5615998272160998,0.9644309635869157,1.5440134045484224,1.2127912406690518
"8-2017",2.391500671779634,2.720774533057175,1.9426683500664648,0.3509633636512476,0.6696318037340898,0.32164158451224234,0.5205332757387,3.2147698786230525,0.5146711348494741,1.2127912406690518
"9-2017",3.0292341842542028,1.3603872665285874,1.5541346800531717,1.754816818256238,1.3392636074681796,0.6432831690244847,0.0,3.5362468664853575,1.0293422696989483,2.8298462282277876
"10-2017",2.072633915542349,0.9069248443523917,0.7770673400265858,1.0528900909537429,0.6696318037340898,0.32164158451224234,0.0,2.893292890760747,0.5146711348494741,2.4255824813381035
"11-2017",1.9929172264830282,2.267312110880979,0.3885336700132929,0.7019267273024952,1.0044477056011347,0.6432831690244847,0.0,1.2859079514492209,0.5146711348494741,2.8298462282277876
"12-2017",2.710367428016918,1.8138496887047835,0.0,0.7019267273024952,0.6696318037340898,0.0,1.5615998272160998,3.857723854347663,1.0293422696989483,3.6383737220071555
"1-2018",3.108950873313524,0.0,1.1656010100398788,2.1057801819074857,1.0044477056011347,0.32164158451224234,1.5615998272160998,3.2147698786230525,1.0293422696989483,4.446901215786523
"2-2018",1.9132005374237069,1.3603872665285874,0.3885336700132929,1.0528900909537429,2.3437113130693144,0.6432831690244847,0.0,0.3214769878623052,1.0293422696989483,2.02131873444842
"3-2018",2.1523506046016703,0.9069248443523917,2.7197356900930507,1.0528900909537429,0.6696318037340898,0.32164158451224234,0.0,1.2859079514492209,0.0,3.2341099751174713
"4-2018",1.275467024949138,1.8138496887047835,0.7770673400265858,0.7019267273024952,0.6696318037340898,0.6432831690244847,0.5205332757387,0.3214769878623052,0.0,0.8085274937793678
"5-2018",3.348100940491487,0.45346242217619587,1.1656010100398788,2.456743545558733,3.348159018670449,0.9649247535367271,1.0410665514774,2.250338915036137,0.5146711348494741,3.2341099751174713
"6-2018",2.710367428016918,1.3603872665285874,1.1656010100398788,0.7019267273024952,2.6785272149363593,0.9649247535367271,0.5205332757387,2.250338915036137,1.0293422696989483,2.02131873444842
"7-2018",3.348100940491487,1.8138496887047835,2.7197356900930507,1.0528900909537429,1.3392636074681796,0.0,2.0821331029548,2.5718159028984418,2.5733556742473707,2.8298462282277876
"8-2018",1.9132005374237069,0.0,1.5541346800531717,1.754816818256238,1.3392636074681796,0.0,0.5205332757387,1.9288619271738314,2.0586845393978965,0.0
"9-2018",2.790084117076239,0.0,3.1082693601063434,2.1057801819074857,1.6740795093352245,1.2865663380489694,0.5205332757387,3.5362468664853575,0.0,0.0
