"newspaper","date","epu_news_avg","eu_news_avg","pol_impositiva_avg","pol_gasto_gub_avg","pol_fiscal_avg","pol_monetaria_avg","pol_salud_avg","pol_reg_financiera_avg","pol_regulacion_avg","pol_deuda_crisis_avg","pol_prog_derechos_avg","pol_comercial_avg","otras_politicas_avg","autoridades_intls_avg"
"Promedio","1-2002",3.322221780906947,3.464632072476735,2.362709262042204,2.5206654863726943,1.553790543680647,4.189849612258128,0.0,0.5645913322464142,0.809675036133429,3.335900606999499,3.1189205216153413,0.7557032231815308,2.880575838738827,0.5564275314015964
"Promedio","02-2002",1.833108179263049,1.8479632854347596,1.6802938490336978,2.1511535660867525,1.9890235854740657,1.7026890382534567,0.0,0.0,0.0,1.4234404615870793,2.1013488946155117,0.0,2.048586316254715,0.2967869682913211
"Promedio","03-2002",1.799552978693488,2.0196437728633914,2.3196598983694012,1.484842864048864,0.9152879719596759,0.783525548959006,0.0,0.5543042867859922,2.3847674475268916,1.146291778494171,1.6116277539212187,0.37096702714228963,1.7507228579227643,0.0
"Promedio","04-2002",2.0181061315680275,1.9073066442407378,0.0,1.4022525646880029,0.5762517310457077,0.9249301198195549,1.3462818656905795,0.5234726357802888,0.7507071063309945,1.7011224243816776,1.9785810120169263,0.0,2.034884572757213,0.2579516987309922
"Promedio","05-2002",2.3423784259367704,2.314401671860681,2.1959074850187674,2.34271236739893,2.888193092425238,2.039743607197733,0.0,0.5247324977195915,0.0,2.0152559603576394,2.441037464422993,0.3511761668896123,2.294754759621063,0.7757175633318285
"Promedio","06-2002",4.693118736580366,4.538603907854367,3.7516429277355994,3.842356534161534,5.625207327668842,4.561974413346843,0.0,0.5378939625061437,2.3141657796724773,5.085053754222263,5.317311306522968,1.0799533520425206,4.965992721992457,2.1204647866077284
"Promedio","07-2002",4.033611784239097,4.023942004185398,1.9257061207794384,2.4653364001374136,2.735432182977841,4.097881617392185,2.840319444795912,0.552198445257468,0.7919025152896391,4.567747737013497,3.0504596237158066,0.36955769694208673,3.7564622025371386,1.9047484448717795
"Promedio","08-2002",3.5074407481142265,3.7425982778865734,1.9445855925517856,0.4979012729689286,1.5345834141978085,3.152805277993613,0.0,1.1152243110101805,0.7996662654395374,3.1299307847813074,3.566739683869978,0.7463616232359791,3.38686630655922,1.9234224492332677
"Promedio","09-2002",3.2699429460190994,3.224780066388027,0.48869821104729394,0.625643484941139,0.771319269353628,2.2284524183033323,0.0,1.4013477416335745,0.0,3.311957881700199,3.463230074307407,0.0,3.2344119710459704,1.381084724432243
"Promedio","10-2002",2.3761869900336605,2.509931176386311,0.9609263402056848,0.6151007827199085,1.5166435764962858,1.4606005494022543,1.7716473840762283,0.0,0.0,2.0350926030589362,2.603725091643127,0.4610227404190645,2.0083635652923677,1.6972651267212993
"Promedio","11-2002",2.641826727495286,2.7596025856223894,1.4338390152309552,0.0,0.3771747186703048,1.6951076569935541,0.0,0.0,0.9827223984919619,1.821988877887914,2.5900858821531165,0.0,2.3308169088031647,1.6883742669689614
"Promedio","12-2002",2.474268854702854,2.598249777294341,1.890004267271461,2.4196300080478643,1.4915101769893562,2.8727917590003944,0.0,0.0,0.0,3.002051413678602,2.56057687676349,0.9067655971577456,2.6334420234698475,1.6691385166461665
"Promedio","01-2003",2.0418004950560733,2.0503063807509934,1.3159609038826412,0.0,0.0,1.55575024865418,1.6174799915195952,0.6289221715456451,0.0,1.6722003691769365,1.8285776438721522,0.0,2.139196864858289,2.169398589375599
"Promedio","02-2003",2.1690219763619165,2.1780578508488593,1.863941899949536,2.38626432356508,1.1032071572139097,0.944392387917903,0.0,0.6681093548595208,0.0,1.5790156703611522,2.7195189473726797,1.7885233586431124,2.5971279608377302,2.9630192319503297
"Promedio","03-2003",3.3705912934258984,3.526844215841645,1.24135994561265,1.5892195733130698,1.959255885555406,2.9351115802273875,0.0,1.1865379744353213,0.0,2.8042745420110076,2.587375169560596,0.39704407440172496,2.738615487502416,2.3387620684943293
"Promedio","04-2003",2.1395823110829406,2.1410613029681533,0.0,0.5538531941133743,1.7070330439583021,0.8767758632258198,0.0,0.0,0.8895291885828142,1.6492066229910043,1.9837769792221356,1.2453516131661502,1.6576855743398244,1.8339154911201976
"Promedio","05-2003",2.01086412391886,1.900462242407338,0.0,0.0,0.6417348823009017,1.236042978304314,0.0,0.5829581625735034,0.0,1.5499896470089252,1.1864567956674925,1.170430727347331,1.5579585010172412,1.4363219588430247
"Promedio","06-2003",0.6988171944465718,0.7705252795017027,0.0,0.0,0.3159396831687634,0.8113735390711952,0.0,0.0,0.0,0.8478808365969549,0.6675632293556957,0.0,0.557829809929824,0.0
"Promedio","07-2003",1.293080030084227,1.2220864375444882,0.8081484145485366,0.5173057512777265,0.3188780061743188,1.2283792928763866,1.4899727114086616,0.5793437186957227,0.8308312926134434,0.5134598122066767,1.5159864257434317,0.38772461649947015,1.266789994626951,0.570966603302701
"Promedio","08-2003",2.002831377751408,1.892870515739932,0.4049709542944065,1.036907577794147,1.597928402000914,1.436289621482776,0.0,0.5806294348934495,0.0,1.5437979440248681,2.1946178202531286,0.7771701589487825,1.9749354100777812,1.716701185429426
"Promedio","09-2003",1.3265673366334323,1.2537352003523192,0.8290772921629239,0.0,0.3271360917499372,0.42006367458956245,0.0,0.0,0.0,0.8779284082709949,1.3824412537043438,0.0,1.2995964597308747,1.1715062155906395
"Promedio","10-2003",0.948402195113138,1.0083738919070646,0.0,1.0433911446048294,0.3215839830020597,0.8258688233779606,0.0,0.5842599896449047,0.0,0.6904226624759124,1.1891063195524134,0.0,0.9936421346371687,0.2879058933134209
"Promedio","11-2003",1.3048786449354668,1.2332372765150446,1.1213431708627175,0.0,0.29497195327390896,0.37876286266760634,1.3782705376324285,0.0,0.7685444730525011,0.633288136535669,1.4023340226663943,2.1519430988671946,1.302021852550255,1.5844849532046281
"Promedio","12-2003",1.38547576002065,1.5276442905475254,1.1906040365706365,0.5080802028643352,0.6263823731549472,1.6086300961663802,1.4634007752765368,1.138023590095643,0.8160143796090278,1.3448076044224166,1.323511613485542,1.1424299922433279,1.5206867665431445,0.5607840757970852
"Promedio","01-2004",1.086953580496681,1.1300045765665252,0.0,0.4783277585524597,0.8845534864147565,1.135823277360721,0.0,0.5356912845270032,0.0,1.2660576095688518,1.2460086811643165,0.3585103128811645,1.1713398066616114,0.0
"Promedio","02-2004",2.0891181278667297,2.084109883671886,1.9947519895612107,0.510746124348538,1.5741725796712105,1.2128029922671102,0.0,1.1439948551070762,0.8202960466642567,1.3518638751933258,1.9956842147376002,0.0,2.3624836386216845,1.6911796111816777
"Promedio","03-2004",1.7913374728360147,1.6929881984764057,0.0,0.0,1.1433529780732223,1.6516556827996514,1.335592847304787,0.0,0.7447467482021258,1.5341964482766652,1.0569309446120894,0.34755148235641264,1.7663872484736964,1.5354219018549013
"Promedio","04-2004",1.1985938866708474,1.5447106896414324,0.7490965189041854,0.4795059057410125,0.2955773965277552,1.3283910169132571,0.0,0.0,0.0,0.951881983548995,1.2490776680637359,0.0,1.174224880077034,1.3231143167667272
"Promedio","05-2004",1.5343009500421358,1.5536396531653713,1.506853113171425,1.9291104647152872,0.8918578091762326,1.1452024951754256,0.0,0.0,1.5491470344518208,0.957384191546388,1.256297770191272,1.0844122841318788,1.1810123071295024,0.7984574258407301
"Promedio","06-2004",1.7870808293362066,1.6889652562226005,1.8067318020302927,0.46260450945944814,0.285159024927371,1.2815685216636412,2.664838322661987,0.518082422500967,0.0,1.3774957496586249,1.5063134650511194,0.346725617447843,1.510448479402062,0.2552955624272275
"Promedio","07-2004",1.5712355822254707,1.6829665635209419,0.36006296765007806,0.9219229568943225,0.8524386794888854,1.2770167786900926,0.0,0.5162423507556991,0.7403382236468646,0.7625573901359353,1.3508671465385433,0.34549415313962256,1.7559311282183272,0.5087776599279791
"Promedio","08-2004",1.6284298426827577,1.7442279230928697,1.4926782168103032,0.9554817066544838,1.472446907856057,2.079787653474008,0.0,0.0,0.7672871405812495,1.2645041646491353,1.7111597747155354,0.0,1.8198484576299556,0.7909463743911037
"Promedio","09-2004",1.1740147599236768,1.1095581728892057,0.7337350703862467,0.9393457067833586,0.28951609889087726,1.11527158959183,1.3527777974912578,0.5259984386067317,0.0,0.9323620876257949,1.3763961999713183,0.0,1.2779394218235511,0.2591963390143745
"Promedio","10-2004",1.7203122737605496,2.0084183514880443,1.391383240602818,0.0,0.5490099412440806,1.938650710157815,0.0,0.0,2.145654279894573,0.8840200197961692,1.7400418601238625,0.3337713244589415,1.817519257763156,0.24575726081919538
"Promedio","11-2004",2.0551129677214752,2.0445070578465248,0.7436019234110006,0.4759887475081933,0.8802280414934129,1.5070255057402233,0.0,0.5330717672432526,3.8223656453161263,1.1023832914613871,1.8598735937672743,0.7135144124334176,1.9426866394102522,2.3641367792007926
"Promedio","12-2004",1.0084029460597743,1.270718527637494,0.0,0.0,0.0,0.39027443975163656,0.0,0.0,0.0,0.48940154325144614,0.8027525325567911,0.7391153938841735,1.0732749150106111,0.8163207620879055
"Promedio","01-2005",1.416520047883729,1.3387492643559082,1.1236447783562782,1.4385177172230377,0.8867321895832657,0.9488507263666123,0.0,1.0740214423767993,0.7701219452878304,0.6345879890326633,1.405212376571703,0.7187866864169158,1.435163742316375,0.0
"Promedio","02-2005",1.1724119450410315,1.2188476925686638,1.2090100177013665,1.0318695992801294,0.636065846238173,0.8167492471480804,0.0,0.5778083554836315,0.0,0.8534984216450795,1.5119687938730866,0.0,1.4038141970296698,0.28472672046322856
"Promedio","03-2005",0.9999608954439537,1.1550737446527648,0.0,0.0,0.3013924394900007,0.38700717780310884,0.0,0.0,0.7852729421185245,0.16176813952318628,1.1144449767592521,0.0,0.9312535535590709,0.0
"Promedio","04-2005",1.4038416747944522,1.326766968255082,0.7423918307772969,0.4752141523128993,0.8787956118083138,1.1284297979311966,0.0,0.532204278606567,1.5264581437926403,0.9433622912633653,1.5473724569788756,0.7123532823887742,1.6809218652146964,1.0490175673372653
"Promedio","05-2005",2.1954844032861,2.0749463688814607,1.1320093796839923,0.0,0.8933331736248284,2.485376741321578,0.0,1.623024958827471,2.327564588984063,0.9589679536498561,2.8313460292213968,1.086206183692064,2.497372684012749,0.7997782817974559
"Promedio","06-2005",1.7327397102067044,1.6376076115725409,1.1167681273259458,0.9531427061485978,1.4688423866617948,2.0746963740285387,0.0,1.0674484837331226,0.0,1.8921130248268885,2.0173292325705017,0.7143877470875589,1.6857225396563542,0.2630033843854547
"Promedio","07-2005",0.8524578542185131,0.9063625628181122,1.465113705379844,0.0,0.2890511994948261,0.7423204719162,0.0,1.050307600814887,0.7531180484629286,0.46543245923832843,0.9161240062434548,0.0,0.8931211318557288,0.2587801265069247
"Promedio","08-2005",1.2802286062248691,1.310768974264868,1.8336004019801,0.0,0.28939973389936163,1.300627217524395,0.0,1.051574048886609,2.262078447011039,0.6213248960142957,1.3758429860645773,0.35188190677484066,1.5329109366922054,0.5181843208430462
"Promedio","09-2005",1.7085873131669527,1.7097683786292446,1.0364250965830721,0.44228564422003275,0.0,1.2252784995080253,0.0,0.4953268143941468,0.0,0.8779948928153548,1.584167228011921,0.6629929451388137,1.6847896550190236,0.4881645551902684
"Promedio","10-2005",1.1351421141437898,1.072819740546409,0.6503204276730562,0.0,0.25660247253799423,0.823734985541364,0.0,0.0,0.0,0.5509110268294968,1.084373912830813,0.3120036293855323,1.1326569287509525,0.22972961337446524
"Promedio","11-2005",2.0616238008333165,1.9484350757108242,1.4173197048936665,0.0,0.5592439129643587,1.974788665143281,1.3065469446061198,0.5080225696368706,1.457100628132936,1.5008313993044349,1.9201840578758442,1.3599723247468793,1.9748258436195247,0.5006767340805821
"Promedio","12-2005",2.1405972932039474,2.1242263451423957,1.1037091451918926,0.0,0.5806665628561385,2.050435811590302,1.3565961219196605,1.0549662232378563,2.2693754742594616,1.0908260472767113,2.3004686487423847,0.3530170096999208,2.43493836691243,1.2996397079208657
"Promedio","01-2006",1.1936936663655702,1.1281566541191557,0.7460339820321323,0.4775455381787026,0.2943689852582223,1.3229601460346256,0.0,0.0,0.0,0.47399519867648243,1.088474672721935,0.7158480654585475,1.0394882557890996,0.5270820074642268
"Promedio","02-2006",0.34088278813008066,0.32216740068206584,0.0,0.0,0.0,0.19789386724563932,0.0,0.0,0.0,0.0,0.32563711466216405,0.3747783322156693,0.40816378536924297,0.2759508968873071
"Promedio","03-2006",1.179230495933031,1.1144875508786167,1.1054921971227356,0.9435188904564673,0.8724069522717428,1.3069307420035114,0.0,0.5283352652725937,0.0,0.6243361636848013,1.075286368932897,1.4143492472630106,1.283616858673333,0.7810435724500195
"Promedio","04-2006",1.4702355503386295,1.6032872773611118,0.7775028206436283,0.0,0.613571826111301,1.3787646004263718,1.433471828871222,1.6721237113101086,0.0,0.6586520414501781,1.4584990836509026,0.3730218082896478,1.3541692978590423,0.5493151215413289
"Promedio","05-2006",0.7593128118107996,0.820142267258745,1.1185936575708597,0.0,0.0,0.3778341429389567,0.0,0.5345966966959305,1.5333200316478586,0.15793383135304126,0.9325970165723113,1.0733332865416472,0.9091805228658033,0.7902999122951567
"Promedio","06-2006",1.1756875082264953,1.1111390827839838,1.2434746985012577,0.39798173301025774,0.4906484074559535,0.787529938476684,2.2925781140448094,0.4457097501924844,0.0,0.5266972201988306,1.2958914818582883,0.5965807046376855,1.0828740518143687,0.0
"Promedio","07-2006",0.5560769504691819,0.7007290949658341,0.31857526537196157,0.0,0.0,0.6456425612930357,1.1747061390924436,0.4567591189996305,0.0,0.26987715455369554,0.3984051849777314,0.30568512013121635,0.5548595220103303,0.225077267852217
"Promedio","08-2006",1.176656362130578,1.112054743987153,0.0,0.0,0.5319737997352137,0.8538604984961461,0.0,0.0,0.6930244029261747,0.42829414701244034,1.2645354079529623,1.2936567182206185,1.2914883177992942,0.9525250020373098
"Promedio","09-2006",1.047264959802792,0.9897672797616408,0.9817785796541941,0.0,0.5165183199007258,1.1606745040174657,0.0,0.9384204568256397,0.6728899062844889,0.5544678412064448,1.3642186152274305,0.6280360000400312,1.1399696348906643,0.46242560626165674
"Promedio","10-2006",1.2039926157169447,1.22542017584395,0.31835295185809415,0.0,0.25123047381075075,1.4516820184830153,0.0,0.912880751440992,0.6545767825265718,0.5393776487381604,1.1943814896471279,1.5273590091692315,1.108944641338162,0.8996808026919043
"Promedio","11-2006",1.5098638473110892,1.5220994523945004,1.0379972241470965,0.4429565363614359,0.27304760634873404,0.8765264958016941,0.0,0.0,1.4228419102928744,0.43966335076324453,1.586570212051378,1.6599965567990207,1.4462959463368246,0.7333575598734351
"Promedio","12-2006",0.6064753945711109,0.7642376724989143,0.347448423467364,0.0,0.0,0.8801981604832702,0.0,0.49815617548169905,0.0,0.0,0.7241891658899612,1.3335600671070884,0.6051476279655698,0.4909530046677452
"Promedio","01-2007",0.8984229331386256,0.9434412034515555,0.6862727040430973,0.439291608268186,0.2707884685752583,0.5215645812927568,0.0,0.49197371824555913,0.7055348095980274,0.14534188992888003,1.1443223766089736,0.3292524197276433,1.0757472011536875,0.7272899155269832
"Promedio","02-2007",0.9774576838034392,0.923792612103076,0.37332224223621024,0.4779363283081451,0.0,0.37829793280344803,2.7531574323737793,0.5352529119537405,0.7676010878564464,0.1581276944848167,1.0893654048600054,0.35821693291972323,1.170381263448304,0.26375666740128867
"Promedio","03-2007",1.1319149865982494,1.0697697910352606,1.6211790334493565,1.2452839940139728,0.2558729701285045,1.4785076989951391,3.5867360153099765,0.9297499053411099,0.6666727287566293,0.4120086197450874,1.486775284001238,0.6222332509280764,1.2423805530499963,0.45815301714907564
"Promedio","04-2007",0.830454640147953,0.8829679874774804,1.0704726945936227,0.0,0.8447710652424072,0.5423700514890264,1.3157443810562213,0.0,0.733678943574953,0.15113965010594133,0.8924774734268461,0.3423864622822853,0.870068337681901,0.5042012476564328
"Promedio","05-2007",0.7292144625200262,0.6891786153784852,1.0742537990878702,0.4584287230710779,1.1303399339742728,0.5442858012784303,0.0,0.0,0.0,0.15167350287319153,0.8956298663863601,0.0,0.7484070664227249,0.25299108914001156
"Promedio","06-2007",0.5816670511847104,0.732975941556665,0.6664715558986836,0.0,0.0,0.8441929764167523,1.2287649314685019,0.4777787132267866,0.0,0.14114831458031118,0.13891312999467043,0.0,0.3482361587372358,0.23543509683299835
"Promedio","07-2007",0.8821663881889238,1.019007081231704,1.3477098375558314,0.8626856620274052,0.26588867723102355,0.8535451881200397,0.0,1.4492150481701718,0.6927684854952567,0.28542399211291875,1.1236163956437448,0.32329475038988315,1.0562820560811135,0.4760866286032123
"Promedio","08-2007",1.6178838208444313,1.6246237226522158,1.73790392385771,0.0,0.0,1.5849602533227891,0.0,0.0,0.7146731652271067,0.5888976538223116,1.5938231044493272,1.000551067492347,1.8161344811858127,0.7367100515757137
"Promedio","09-2007",0.9429274044663926,0.8911581385355901,0.972361875693035,0.8298944130622425,0.5115641477382676,0.9853216494901886,0.0,0.0,0.666435900078563,0.41186225789082626,0.8106802485088617,0.0,1.0161320809476573,0.22899513148445805
"Promedio","10-2007",0.5898534763495322,0.5574689244394858,0.675851525944665,0.43262088384633574,0.26667649553393025,0.1712148421799309,0.0,0.0,0.0,0.28626969283029036,0.5634728147043075,0.0,0.4708496803074329,0.23874862782546274
"Promedio","11-2007",0.9801848757654709,1.1116440886164045,1.6846372969447891,0.0,0.0,0.6828361504960317,0.0,0.0,0.0,0.28542399211291875,1.264068445099213,0.6465895007797663,1.173646728979015,0.0
"Promedio","12-2007",1.78496008468114,1.6869609461875263,2.5264228323485303,0.4620555325890453,0.8544618725572924,1.645775579498545,1.330837967705996,0.5174676094995814,0.0,0.7643672573593592,1.8054310914180742,1.038942465256096,1.7600986862758075,0.25499260092118253
"Promedio","01-2008",1.37475810224891,1.399224790425801,1.0905174024206747,0.4653690782410783,0.5737263250530771,1.2892272976895198,0.0,0.5211785325955943,0.0,1.0777882857554757,1.0607207368437663,1.3951907315630336,1.3928521419452946,2.3113910980712133
"Promedio","02-2008",0.723817082392297,0.781802932599201,0.3554341877776774,0.0,0.2804933922639703,0.9004286596918845,0.0,0.0,0.0,0.30110174158230774,0.444500369994633,0.3410526622733944,0.8666789012281343,0.5022370822974285
"Promedio","03-2008",1.273299939721315,1.2033923276645726,1.0100364133121378,0.4310244968210725,0.5313848988498979,1.194081371660773,0.0,0.48271517225643606,0.0,0.5704266942005786,1.2631355532578112,0.0,1.055502512128286,0.9514705463154973
"Promedio","04-2008",1.9987504846181439,1.983464358416092,1.7176196536620818,0.43978779607872986,1.0843773161771262,1.392409861101848,0.0,0.4925294114514088,0.7063317239160976,1.0185423935415074,2.4344316825044916,0.6592486325721413,2.1539245541172103,0.48540760175357645
"Promedio","05-2008",1.2129507891422218,1.1463565087483716,1.389793693869456,0.44481202832639244,0.8225741103674165,1.2322774246765782,0.0,0.49815617548169905,0.0,0.883010095935016,1.30354049860193,0.0,1.3313247815242533,0.4909530046677452
"Promedio","06-2008",1.9192629382305821,1.995279230640242,0.6597249168657251,0.8445960856002216,0.5206265639491047,1.1699061884311983,0.0,0.9458843939370511,1.3564837734787816,1.25747533184672,1.6500830799366926,1.8990936747414393,1.8384586215908443,0.0
"Promedio","07-2008",0.877951701292027,1.0141386166760216,1.005953208407164,0.4292820236622957,0.264618352790008,0.3397868973802378,0.0,0.0,0.0,0.14203016733586624,1.1182481438453735,0.32175015952069225,0.9344315595957876,0.7107180762169233
"Promedio","08-2008",1.220602347592771,1.242325512546431,1.2909792147510404,0.8263716918182572,0.7640890038290893,1.1446623690133337,0.0,0.4627372185408354,0.0,0.5468186562729281,0.807239087213458,0.6193719024094825,0.899394507838747,0.456046193936151
"Promedio","09-2008",2.2279852788479086,2.488510650874469,1.3924449599775626,0.4456605823674577,0.8241433093570527,1.7637545741541911,1.2836163229152073,0.9982129849789713,0.0,1.032143684565526,2.1767120369634165,0.6680520290391481,2.3039477870823455,1.2297239510277556
"Promedio","10-2008",3.8283759282301375,4.1748319970042855,2.024555236742525,0.8639618242493391,1.5976920220597894,2.906346618364952,1.2442153780919962,2.4189314290217117,1.3875865818943454,2.8584621695332246,3.3758356502255116,1.9426379823723452,4.113840124727479,1.430372696291604
"Promedio","11-2008",3.276963757497401,3.3785995420574895,2.3893740816225533,0.4369907917639755,0.5387403950180409,1.902387135332566,2.5172902224921496,2.9363818559257955,0.701839528141098,1.1566452235567286,2.2766578371891213,1.6376397008151955,2.9725358605267234,2.893922761520761
"Promedio","12-2008",3.4828326535946537,3.491107578497774,1.0883493757757032,1.3933316736204056,0.8588785740854217,1.6542825705655355,0.0,2.600711961858731,0.7459312360720298,1.6903001743657304,2.873375287706857,0.3481042481335203,3.791135596908754,1.7941745788871755
"Promedio","01-2009",2.28260251904303,2.2600091531330504,2.2417679607501175,0.0,0.8845534864147565,1.135823277360721,0.0,0.5356912845270032,1.5364595075521337,0.9495432071766388,2.1805151920375536,0.717020625762329,2.212530745916377,1.5838361059674433
"Promedio","02-2009",2.400566473515538,2.59287871832319,1.571747734755035,1.0060950787124088,0.6201778965905356,1.1945221547437042,1.4489054187600163,0.5633755886369258,0.0,0.9986152075475245,2.7846040261550087,0.75407595525909,2.60062323425617,2.2209174681438397
"Promedio","03-2009",1.1295066568395298,1.3586283264869479,0.7059184216830157,0.9037341480735833,0.5570804935718466,1.0729905003152342,0.0,0.0,0.7257319376097311,0.44850764253875275,1.6184857443634366,0.3386778274877383,1.352440571095818,0.7481098202654732
"Promedio","04-2009",1.627764090498505,1.8460745249222548,1.1190509730481986,0.0,0.5887379705164446,0.37798861315275023,0.0,1.0696305125224381,0.7669734500086488,1.1059887969117923,1.8659565818090318,0.35792403272927376,1.5592323836836495,0.5270820074642268
"Promedio","05-2009",0.9449788683606034,1.091562965180164,0.36091754747836147,0.0,0.28482062418576415,0.5485918598328483,0.0,0.0,0.0,0.4586203544156155,0.7522629547575309,0.0,1.131492012605876,1.0199704036847301
"Promedio","06-2009",1.604800872776841,1.718918690835174,1.471019040750178,0.47080870067920455,0.2902162587430922,1.304296863039377,0.0,1.0545410050906423,0.7561535907783777,0.4673084465790713,1.8396331314409073,0.35287472150576527,1.9215449468410957,1.0392926967009262
"Promedio","07-2009",1.586259348748742,1.4991694183133581,1.4540232032275664,1.8614763129643133,1.4343158126326927,0.9208766412067998,0.0,1.0423570651911886,2.2422514646069582,0.46190926532377524,2.1214414736875327,1.046393048672275,1.8993438299254017,0.770463699357071
"Promedio","08-2009",0.8632002092919984,0.9177842048698852,0.3708941300915845,0.0,0.29269371461041127,0.7516749168875017,0.0,0.5317715922011959,0.0,0.15709922167515936,0.46383432917732637,0.0,0.6459827931047099,0.0
"Promedio","09-2009",1.8510046328960217,1.8660047679982787,0.8483491957464415,1.629116299002938,1.0042211128892773,1.0745701392045874,1.5640903683685532,0.6081627693235433,0.0,1.2576701986267986,1.5913981168427096,0.0,1.6253179341156159,1.4984223503690133
"Promedio","10-2009",1.68351415025765,1.909301601674349,0.3857926258035086,1.4817036613764563,0.9133529022515159,1.5637380934826672,0.0,1.1062647922325088,0.7932418852943572,1.470687851115445,1.2865764056673408,0.0,1.6126352687062184,0.817701431452959
"Promedio","11-2009",1.4918473137244979,1.4099408594772986,2.366795227043574,1.5150147683334714,0.31129552007851785,0.5995850504355558,0.0,0.0,0.8110752523653934,0.8354173915280848,1.6443759183977849,0.3785050514724615,1.5114824367845607,1.3934744814715727
"Promedio","12-2009",1.966178254498441,2.0768450126176923,1.1926791634317617,1.017931491403143,0.31373705356932974,1.208575356564218,0.0,0.0,0.0,1.3471514956719546,1.4915456859819907,0.0,1.6618224010850573,0.8426422158545744
"Promedio","01-2010",1.3523736488791962,1.3943178286119609,0.42260285318448254,1.0820531601529473,0.6670000351473939,0.8564707251242492,0.0,0.6059092713362397,0.8689286978791825,0.8950071452544974,1.2331676931347166,0.0,1.4720867726147162,0.895722040475335
"Promedio","02-2010",1.0308119004166583,1.3395491145511915,0.8858248155585415,0.567027372031605,0.34952744560272414,0.673223408571573,0.0,0.0,0.0,0.3752078498261087,0.9231654124403097,0.8499827029667995,1.0799828832294274,0.0
"Promedio","03-2010",0.8888541292835145,0.9450603365340802,1.1457508079011693,0.0,0.0,0.967517944507772,0.0,0.0,1.570545884237049,0.4853044185695588,0.6368257010052869,0.0,0.6651811096850506,0.26982892219704874
"Promedio","04-2010",1.1902872841134058,1.4624184789107588,0.40914778476470753,1.047602140255701,0.9686455667375944,0.8292019262525803,0.0,0.5866179896031128,0.0,0.6932091216518242,0.8527895738237838,1.1777787229450272,1.1401741137489407,0.57813569069843
"Promedio","05-2010",2.261545839815471,2.137380853792647,2.4548867085882455,1.047602140255701,0.6457637111583963,1.6584038525051605,0.0,1.1732359792062257,0.0,1.0398136824777364,2.7289266362361086,1.5703716305933695,2.422869991716499,1.15627138139686
"Promedio","06-2010",1.5167660820416544,1.5358837714149098,1.117223951051385,0.47676587199392106,0.2938883828333109,0.7547429777727568,0.0,0.5339420884958946,0.7657212484576144,1.2619235439049534,1.2419400813890862,0.7146793339231049,1.556686698159268,0.263110732705612
"Promedio","07-2010",1.1115329328194703,1.1555574438758187,1.1462306030468565,0.9782884308082969,0.6030373014586363,0.7743384822207932,0.0,0.5478049065389203,0.0,0.971015289750985,0.9556385676517779,0.7332346600132358,0.9316435257339282,0.8098257476491827
"Promedio","08-2010",0.44855777669165947,0.6358961115279306,0.0,0.0,0.0,0.39060420269185764,0.0,0.0,0.0,0.32654337585204224,0.3213723277781222,0.3698699552411506,0.5370908900845243,0.27233683782372176
"Promedio","09-2010",1.1657183327065854,1.4322324145678489,1.6028099429517748,1.0259783806632468,0.632434376760309,0.20302155199201297,0.0,0.0,0.0,0.5091753429787773,1.3362991653066583,0.38448932106095896,1.2562195027965106,0.8493034191419624
"Promedio","10-2010",1.5286206914858302,1.7542728391452351,0.7506372357262837,0.0,0.2961853302927239,0.3803209164013275,0.0,0.0,0.0,0.9538397827747231,1.2516467294953768,0.7202650629829729,1.4381155394005305,1.5910027851799657
"Promedio","11-2010",1.6693966311779216,1.577742238979677,1.229649002729512,0.5247423119429948,1.6173102828877175,1.6613839133362571,0.0,2.3506884399190326,0.0,1.7361369511270979,2.050372775878208,1.5731935023464574,1.8561122842307836,1.1583491376976631
"Promedio","12-2010",1.7926082493979996,1.8152027206784993,0.8802697154127331,1.6904144520768545,2.431348656821651,1.1150025901732115,0.0,0.6310458836540963,0.9049768734786083,1.1185646463701648,1.651277061904809,1.6893047449219558,1.8397889100290432,0.31096058616919897
"Promedio","01-2011",0.8756071868525102,0.8275339830275119,0.4299715174483025,1.100920251069846,0.33931505086786606,0.6535533561062397,0.0,0.0,0.0,0.3642451322534326,1.2546696745889978,0.41257407354184894,1.0484282466788974,0.0
"Promedio","02-2011",1.6605595941505118,1.56939037919682,2.6344549375128907,0.5621156816097722,0.6929995552854782,2.2246394315967923,0.0,1.8885824593093479,1.8055987090675218,0.5579366005595168,2.0133713422422925,1.2639300058553466,1.9883089243011183,0.0
"Promedio","03-2011",3.091768652996901,2.9220221880671926,2.3616899741810986,0.0,1.242496182815551,3.3903197825965616,0.0,2.2573910557634886,0.0,2.0006768869071196,2.789409209979262,2.2661316239580764,2.7422220380286215,0.8342812275177948
"Promedio","04-2011",1.768823419290559,1.7761921166022767,1.1400244398483523,0.972991575497798,1.7993166295916998,1.540291791372973,1.401232145922848,2.1793554632485495,0.0,0.9657578142129747,1.9009286960037033,0.729264626452148,1.9855697680602908,0.26848033949552247
"Promedio","05-2011",1.8951115706009067,1.903006368568526,0.4071394734606416,0.5212299805377539,0.963890947713001,2.0628294238545895,0.0,2.3349542468807525,0.0,2.241871088429985,1.697207273205746,1.1719975690171398,1.8436885072279001,0.5752978983746091
"Promedio","06-2011",3.746267408944725,3.8529919435107676,4.1662080366451955,1.939520774404494,1.793341314923068,3.837941667794218,1.3965788220675626,4.887265691712111,0.7787534490332731,2.085526404803485,3.157693233087652,1.8171070652880938,3.9579518581259925,1.8731212394774788
"Promedio","07-2011",4.152529619422396,4.440931942323611,2.6293935447414922,2.4044388357042124,4.150008864216782,3.9966576993009815,0.0,4.847024722657256,0.0,4.614021603254783,3.9146166110066654,3.9647196478443143,4.448744406362942,2.1230837221202123
"Promedio","08-2011",5.742043024871977,6.143535085659639,3.351671853154155,4.76765871993921,4.408325742499664,5.849258077738865,0.0,2.6697104424794733,0.0,5.520915504584171,4.502032795035437,2.5013776687308673,4.799783985991077,2.104885861644896
"Promedio","09-2011",4.3151015047662735,4.705604718590908,3.042599616591239,3.4083095892854294,1.500680570949587,4.817424696600808,0.0,3.2717585247560024,0.7819996076369967,4.8328147393192,3.0123129839861376,1.8246815007415664,3.8419685252263442,1.8809291646107735
"Promedio","10-2011",4.155732039315252,4.128985008393622,2.197670558069766,1.875674646945173,1.7343071969689567,4.26834271351815,0.0,2.100615201629774,0.7531180484629286,3.7234596739066275,3.0537466874781822,2.4602068600524385,3.7000732605451625,3.1053615180830967
"Promedio","11-2011",4.73989400638017,4.778305066624164,4.706823127114632,0.4635223755496454,1.7143488998609806,4.035778422812657,0.0,3.114662182892719,2.2333536413347086,3.5272515723732205,5.131627419628516,4.168962781218112,4.918697553211576,1.7906147086909707
"Promedio","12-2011",4.877634515967286,5.038661432433814,3.1193147351292234,0.9983558857992363,2.1539255408509757,4.34622291687517,1.4377599924618625,3.3542515815767735,0.8017166917611773,3.6334230243844545,4.388586345293165,1.8706884274696658,4.4821267644649865,2.7547918595245706
"Promedio","01-2012",2.6834109286330867,2.7474247750387466,1.53732023593142,0.0,0.6065935450224194,1.9472623162839657,0.0,0.5510354325252492,0.0,1.7906928974430547,2.2429730829636507,1.1063380590427172,2.6775360927339276,0.27153382271640664
"Promedio","02-2012",2.6123164228573637,2.7909227282593,1.561659495122461,1.4994562084532816,0.9242959408749829,2.3737102638552683,1.4396056407191948,2.2390382829524036,0.0,1.6536760176332563,3.092228861182176,1.4984718597446358,2.855923927410296,1.930829724390777
"Promedio","03-2012",2.4445193954623745,2.50283438831235,1.0503448503744794,0.8964515628435199,0.8288870352359307,2.4834693148125053,0.0,1.5059379702397642,1.4397675047744858,1.4829780710701919,1.897342267471335,0.6718973016544924,2.073292433433535,1.2368021779139475
"Promedio","04-2012",1.956516444894026,2.0545537755755006,1.8681399672917647,0.9566555171049194,1.1794046485530087,1.3251271569208412,1.377706135282866,1.0713825690540064,0.7682297537760668,1.1078004083727453,2.024764106892014,2.509572190168151,1.9522330111026855,1.5838361059674433
"Promedio","05-2012",3.3778554987996614,3.192402091925627,1.4981930378083708,1.4385177172230377,2.0690417756942865,2.6567820338265142,2.7621990002961887,2.1480428847535986,2.3103658358634913,2.855645950646985,3.7472330041912083,2.1563600592507477,3.392205209111432,2.116982906826763
"Promedio","06-2012",5.179716907012022,4.995241258418331,3.6336103545412097,4.651837460713287,3.727735959076445,4.234345559288615,0.0,7.293593642138265,2.988477990794353,4.617253110165974,5.604433909693382,2.7892702000981395,5.316044777664565,2.567189546510352
"Promedio","07-2012",3.2088742196574476,3.032698342247297,1.0340758141578743,0.4412831078145472,2.4481446322155294,3.667503419570111,0.0,1.9768161946580154,2.834933220583536,2.6280141804971877,3.3048414991629675,1.6537253193347252,3.241872090518687,1.704703084964581
"Promedio","08-2012",2.114611286609666,2.1888480151550374,0.3461303338487473,0.8862491550721597,1.365755952089552,2.27983344480864,0.0,2.4813317845503446,0.711690841699983,1.9059306180468876,1.4428837250584508,0.9963757785157097,2.0496965407920307,1.2227262805932273
"Promedio","09-2012",2.609457966548265,2.6634869964371815,1.0763659772221366,0.4593300772257595,1.415702984548981,2.544994508219186,1.322987960031757,1.028830607011358,0.0,1.0638020437460654,2.243477093543498,0.3442714054486054,2.3746154738273013,0.7604655467503926
"Promedio","10-2012",2.56839809203183,2.614108093761638,1.018682054363935,0.8694279020358069,0.2679667055979203,2.0645183798398814,0.0,0.9736941695682485,0.0,1.7259281815596217,2.830994789173112,0.6516428612250119,2.7204842898298836,0.7197111594291955
"Promedio","11-2012",3.0741165600484806,3.0055233546058537,2.5506377476745548,1.3994525395987698,1.4377526716086497,1.6615497863307993,0.0,1.0448547258905285,0.0,1.543386922208035,2.885997942724738,1.7481673004309175,3.427010951918117,1.0297464778414527
"Promedio","12-2012",2.7683986687243376,2.9303748218345937,3.045138289613009,0.4873076288632067,0.9011596219544578,1.5428621573160233,1.4035704557199657,0.5457480670900883,1.5653041791582436,1.2898259001114458,2.6974762406057278,1.8262039717476086,2.386659831345561,1.3446418338104913
"Promedio","01-2013",3.5752343362410426,3.7885133028234446,4.096487820521745,3.8141269759513685,3.23277221116642,1.6981716999887027,0.0,1.0678841769917893,0.0,2.9970684167742645,3.8810627543408938,1.0720190008846573,3.89171674539817,2.367996594350508
"Promedio","02-2013",1.6479763929467477,1.5574980297874705,2.6435417715964755,1.4504259764715728,1.4901211464023423,1.5307287214762035,2.7850648860602303,2.1658246967134795,0.7764971269541204,0.959761801293606,1.8891265724771902,0.7247369073309632,1.8416926651097854,0.5336268999410178
"Promedio","03-2013",1.7008590629754698,1.796592274390352,2.7512990879013883,1.3208553181889633,1.6284052874668944,1.3939843916647223,0.0,0.4930863614078182,0.0,1.1653647503080045,1.7203655480983384,0.0,1.7969668349463848,0.7289347476012998
"Promedio","04-2013",1.2006063973944494,1.229247345635504,0.34391238598767354,0.8805702121259755,0.8142026437334472,0.6969921958323612,0.0,0.9861727228156364,0.0,1.019694156519504,1.0035465697240307,0.659994107844556,1.0781801009678307,0.7289347476012998
"Promedio","05-2013",1.991803800469392,1.8824483822897329,1.4413895103085275,2.7679535222395892,1.9905946941513755,2.0083257554280998,0.0,1.5499503753731538,0.7409230089735999,1.6789513975236223,1.8025789095990883,1.7288352765714918,1.506272673969276,0.2545897690081949
"Promedio","06-2013",1.3633515751263388,1.387615260359052,0.36048975109652226,0.0,0.28448302565847955,2.0091192464417023,0.0,1.033708507953332,0.0,1.5269225022555986,1.6530168507228307,0.0,1.381295486480715,0.5093807152340968
"Promedio","07-2013",1.6893968903309329,1.9723254720902812,0.0,1.3119540094179407,1.6174313843690267,1.2115164796707953,1.2595875635944433,0.9795268564694435,0.7023650538079952,1.1575113001000135,1.7087719202938567,0.3277731875910908,1.784856987312901,0.0
"Promedio","08-2013",1.1911775513416134,1.1257786806182586,1.0236345101256146,0.4368273696279381,0.26926946071114877,1.2101572614811873,1.2581744137474786,0.0,1.403154120210288,0.8671595033378279,1.1379032159324087,0.9822163620670944,1.069712717975937,0.2410700430548801
"Promedio","09-2013",1.3001668563092552,1.3233060376672043,0.34378280332528177,0.0,0.2712986201739306,1.7418239407905558,0.0,0.9858011430406494,0.7068640010253033,1.4561570660169254,1.0031684436615875,0.6597454288287894,1.4370318050076136,1.2144334874317058
"Promedio","10-2013",1.8885383447690467,1.78485247952877,1.622909213847915,1.6621506743295715,0.5122920938752129,1.973447487239332,2.39370927240182,1.396113251670162,0.0,1.5123105437672755,1.758973300971291,0.0,1.922091811287013,0.6879629617169152
"Promedio","11-2013",1.5254831284901695,2.018421967798138,2.097470252931719,0.44753884535827837,0.8276167102777147,0.8855940112755047,0.0,0.0,2.875121929074567,0.8884231846457287,1.457257279407692,1.341735147978243,1.583029097585335,0.4939626782595781
"Promedio","12-2013",1.6635115666731815,1.9652253505504789,0.35738329809059843,0.0,0.28203154639311073,1.6296594849088608,0.0,1.5372010773383569,0.0,0.6055058132720595,1.6387722871835033,0.34292290797328767,1.7428630939699339,0.5049912221925181
"Promedio","01-2014",2.117824981574118,2.1127479184209235,1.617729716356911,0.5177643556671572,1.276642797768815,2.4589365632224123,0.0,0.0,2.494703535533451,2.0556600283026167,2.023107180454296,0.3880683439963668,2.394946844648844,1.1429455587389175
"Promedio","02-2014",1.0598520759607832,1.0016633291836368,0.0,0.0,0.31944389438403364,1.2305592028903642,0.0,0.0,0.0,0.8572850162397782,1.1811930121907068,0.7768253629598967,1.269038069151577,0.2859899268539261
"Promedio","03-2014",1.746276739192694,1.8445662941012397,2.1185748297801035,1.3561258355864239,1.6718882459944546,1.967910531247658,0.0,0.5062531411822531,0.0,1.4956040453594892,2.207880127275973,0.6776177895168758,1.967947580232305,0.2494664454832622
"Promedio","04-2014",1.5541936014228577,1.4688641672809537,1.5263898954835597,0.4885304836407806,1.8068420023628902,2.320100747231184,0.0,0.0,0.0,1.1314297771837072,1.4316592845372933,0.0,1.5950992933877903,0.8088096551176278
"Promedio","05-2014",1.2504388470793082,1.3966566201160566,0.0,0.0,0.0,0.5939358550995463,0.0,0.0,0.0,0.662036976995104,0.8144414345297808,0.7498776737094677,0.9527900383094735,0.8282072314288002
"Promedio","06-2014",1.335388094676766,1.2620716749113745,0.7061916099267012,0.9040838903909494,1.114592163996303,1.2523067017030551,1.3019962780033894,0.5062531411822531,1.4520255872454761,0.8973624272156935,1.3247280763655838,0.3388088947584379,1.2299672376451904,0.7483993364497865
"Promedio","07-2014",1.3819154331777188,1.4065095009886905,0.7307966039449723,0.0,0.2883566431484228,1.11080514349815,1.347360185166503,0.0,2.2539251806822045,0.4643140792802066,1.0662431115249713,0.35061360995426655,1.2728215226572577,0.0
"Promedio","08-2014",2.2110292741131987,2.29860156266177,1.5200325864644695,1.4594873632466971,0.5997722098638999,2.502974160981081,0.0,1.0896777316242747,0.0,1.9315156284259494,2.0593394206706783,0.729264626452148,2.117941085930977,0.5369606789910449
"Promedio","09-2014",3.24548200960878,3.176842560670432,1.9921387773478119,2.550385123111586,2.200954482790953,3.2299044463637627,1.4691521320352656,0.5712480859453894,0.8192214230223385,1.6876160931043318,3.321782968780852,1.9115331529602695,3.608476807596266,2.2519521227205224
"Promedio","10-2014",1.9180301719916544,1.9134320770604591,0.366278426344961,0.9378373234725865,1.1562047979793044,1.8558011797904999,0.0,1.050307600814887,0.7531180484629286,1.2411532246355423,1.5268733437390911,0.7029162457292683,1.9138309968337046,1.5526807590415483
"Promedio","11-2014",2.5290382918407834,2.49883212124239,2.7660445734850954,2.529398844489187,1.8710087603506587,1.8018712277922568,0.0,1.133094947436069,4.062401599656031,1.0042375538871164,2.800281744795119,1.1374822659884845,2.477619582388614,1.1167107754504104
"Promedio","12-2014",1.9499288474364702,1.9580520073287724,2.513497410538011,1.0726137616024853,0.9917720908286664,1.9102482391975766,0.0,0.6006235614393671,0.0,1.4195191380014398,1.7463000455712012,1.6078644335276464,1.6051693646844305,0.591938746674701
"Promedio","01-2015",2.6206466156573014,2.594707264668975,3.431686168407326,3.844163001737539,3.0466567190759317,2.608068117832516,1.5817387787309627,3.0751248632227117,6.174010066313157,1.8169444537888668,3.03989212446259,2.469625342893663,2.8390442641950293,0.9091978774735535
"Promedio","02-2015",1.9463542757638095,1.9544625444372439,1.6725931439510502,1.6059712003461593,1.3199386580047878,2.3304678335215163,0.0,2.3980900399907275,2.5793085133654743,1.5940315159890135,1.743098762261263,0.8024584638458327,2.0391977446861786,0.2954268080333407
"Promedio","03-2015",2.014076366928315,2.304234571864488,1.8218841054818247,0.46648417986625657,0.8626516029651898,2.2153997151077323,1.3435936031792164,0.5224273629452643,0.7492080905435922,1.2347095377664281,1.670840914209059,0.0,1.9038949732878427,0.7723098583810896
"Promedio","04-2015",2.0845607148478233,2.079563396142061,2.388480523626434,0.5096319312325944,0.6282954083260138,2.218621646048843,0.0,0.0,1.637013140245336,1.3489147829699546,0.9956653139408577,1.1459190890782769,1.5253310978545767,0.0
"Promedio","05-2015",1.2363021162426153,1.1684257848056294,0.4249648626107582,0.0,0.3353640139457903,1.7225154127091329,0.0,0.0,0.8737853091388705,1.0800114168259674,1.2400601068830244,1.223309991694183,1.4803145515021763,1.2009712065742888
"Promedio","06-2015",1.5074892252707572,1.4247239877549112,0.7972036347971148,2.0411994519617416,1.5727971558357619,1.615657750583883,0.0,1.1429952964743921,0.0,0.8441766826581302,1.4954553732322708,1.5298945986121513,1.6661784231062502,0.8448509765776533
"Promedio","07-2015",2.436292467712616,2.3025334189790603,1.6748959339610792,2.144243022276469,1.6521949011969064,2.7579811659089377,0.0,0.0,0.8609532164851561,1.5962261440514125,2.9673476588948735,1.205344906914828,2.771292863672706,2.366668362106469
"Promedio","08-2015",1.770403478323989,2.0317471519590597,0.0,1.6694755403312622,1.0290993872438472,1.9821441948415062,3.205677353368993,1.2464584247879387,0.8937670598957383,1.6570637293416044,1.2684178415806828,1.2512846842150598,1.6655830758850354,0.614217527516674
"Promedio","09-2015",3.3011145728451483,3.1198744504558973,1.260800865995345,2.6901805305967446,2.9849096460039184,2.9810783207744764,4.64904428700243,1.2051203287102181,0.8641257755509696,2.670180230222653,3.1534752181747296,2.419573055888909,3.5134798806911163,0.29692367348169024
"Promedio","10-2015",2.1386809124580175,2.1335538513686676,0.4084152014437322,2.0914527956761084,2.2561261260480228,2.4831516949998935,0.0,1.1711352881064832,0.0,2.0759037707478534,2.724040464998443,0.7837799320105672,2.4185318180518323,1.154201065584153
"Promedio","11-2015",2.050673601987751,2.0592164519372607,2.202799517202554,2.2560625521682405,1.3906838009495157,2.455374607795243,0.0,1.8949658862601761,1.8117016501411443,1.866074772191656,2.571133799592326,0.8454680676540836,2.455420834051316,1.5563044305377822
"Promedio","12-2015",2.5028522197461545,2.3654388605248657,0.9056075037471939,2.318762057340162,1.4293330777997255,2.9824520895858937,0.0,1.298419967061977,1.8620516711872506,2.3015230887596547,3.397615235065676,1.3034474204304767,2.8391184197197568,2.2393791890328765
"Promedio","01-2016",1.719875147023474,1.7609034600275333,0.0,0.6307107917846148,1.1663496834907319,1.2480563549832977,0.0,0.0,0.0,1.460717385122162,1.437585879847653,2.3636128079260352,1.716109795936918,1.7403382697860406
"Promedio","02-2016",1.4397311183087695,1.731782161720296,0.8998023274411222,1.7279236484986782,1.0651280147065263,1.1397437719078243,1.6589538374559951,1.9351451432173694,0.0,1.1433848678132899,1.3128249750876988,0.0,1.097024033260661,0.635721198351824
"Promedio","03-2016",2.0486951421691426,2.057229750102299,0.44013485770636657,1.6904144520768545,1.0420065672092789,2.230005180346423,1.6229418149352428,0.6310458836540963,0.0,0.9321372053084708,1.651277061904809,1.2669785586914666,1.9931046525314635,1.2438423446767959
"Promedio","04-2016",2.202234794569996,2.081326145418285,0.44529017082737815,2.2802857713716085,1.4056154962256941,1.804900239671307,1.6419513823136935,0.6384373434919188,0.0,1.3202774998761562,2.227491361202973,1.7090916233397824,2.171561483116272,1.2584115083040497
"Promedio","05-2016",2.07911799757668,1.964968793716203,0.9528977128201543,1.219923118940059,1.503971880817988,1.2069975819472938,0.0,0.0,1.959286745400684,1.2108535310315154,1.986131331203173,1.8286834131713912,2.157548796186801,1.3464674571879884
"Promedio","06-2016",3.528665552755695,3.5819642855417477,1.7969464500744419,1.7253713240548103,3.190664126772283,2.2761205016534394,3.313006777312416,1.2881911539290416,0.9236913139936755,2.28339193690335,2.9963103883833195,6.465895007797663,3.2862108411412416,2.539128685883799
"Promedio","07-2016",2.92104472737687,2.7606714679180278,2.6193288804554005,1.1177764463015374,3.4451030523522093,2.2118663822287727,0.0,1.877738923657811,2.692847452709792,2.588754638513152,3.093708396522454,5.864473960182416,3.1934422097406037,1.5421562084419842
"Promedio","08-2016",2.8061265813841274,2.772610940869139,2.6306570687899025,1.122610654863149,1.7300012925074768,2.2214323588938663,0.0,0.6286199504156376,0.9014978657958458,1.1142645420112214,1.4621591539660073,2.5242158117899187,2.4436215989045054,0.9292954759184279
"Promedio","09-2016",1.544037391819241,1.7245865721686895,1.4474874035303509,0.6177030070783218,0.7615299184998539,0.9778531441265225,0.0,0.0,0.0,0.6131106588908916,1.8102048383546634,0.9259462549506119,1.8487884062838125,2.0453346223016906
"Promedio","10-2016",3.3536358154641164,3.1695121347401742,2.988674272427274,1.6397890309570984,2.3585333484283026,3.0285077372023346,1.5743370998412534,1.8364409688557908,4.389370750400456,1.4467537120108265,3.203647495862114,3.277425115791497,3.420655726145483,0.9049433249350717
"Promedio","11-2016",2.5678448181204176,2.5545928309345074,2.3228094705328357,1.1894871551783162,0.7332245803886066,2.8245218363695326,0.0,0.0,0.0,1.9677397419597353,2.3238950097275413,2.228824297494408,2.5891937613647023,3.6104044024522626
"Promedio","12-2016",4.846808908779723,4.715432631537004,4.410094543623889,5.0185881262518,6.187123849122335,2.730977880098791,0.0,2.810221518399445,3.0225838754905827,3.1132982168707737,5.310927979624382,3.761470178542657,5.120679928155488,5.192974987610764
"Promedio","01-2017",5.184259069478311,4.899629218706418,5.34609117202323,4.562798384316822,4.687672773057368,3.9125266670023273,0.0,1.7033308812694552,2.442730545209837,2.7676464443553463,5.942877342584494,3.4198522814679824,5.379825448825161,7.973831124639479
"Promedio","02-2017",3.2294990449032905,3.197533228245023,2.6431041715680705,2.030260231260324,3.3373188317108307,2.6783318301611443,3.8984454025037754,1.5158263230764097,2.1738320495030763,2.0151661459374437,2.8647010133431627,1.0144637126950213,3.4986368192021016,4.108246956208716
"Promedio","03-2017",1.5448543428202035,1.8582297481316195,0.9655021799209501,1.8540895021985817,1.523865688765316,0.9783705267424625,0.0,0.0,1.9852032367419632,0.8179134080865439,2.0124029096582414,0.926436173604025,1.6816060010979745,0.6821389366441794
"Promedio","04-2017",1.2639717350347122,1.3438982999880462,0.5430949762055345,1.3905671266489363,0.8571744499304903,0.5503334212926352,2.002594275214737,0.7786655457231797,0.0,0.6901144380730214,1.584767291355865,0.521120347652264,1.3242647258646552,1.5348126074494035
"Promedio","05-2017",3.5146709730671613,3.46612802760302,2.1010928267709796,2.689870780391725,2.072615250263707,2.395233543449811,1.9368787463216801,1.5062269623660816,2.1600656980093897,2.002404587154881,3.72242403496369,3.5281377595800945,4.025398821281162,4.0822304239586895
"Promedio","06-2017",1.6809295958147292,1.73306401380151,1.0505464133854898,1.3449353901958625,2.487138300316448,1.0645482415332495,0.0,1.5062269623660816,2.1600656980093897,0.44497879714552907,1.9706950773337184,1.0080393598800272,1.8297267369459829,1.1133355701705516
"Promedio","07-2017",2.13200051692602,2.158872771065134,2.0938601492261566,2.010458496359908,1.6523844817937159,1.0608837036966459,5.790634048813697,0.7505210079259561,1.0763150078721484,1.330341085441969,1.9639112732809345,1.5068540173077514,2.3704566521501573,0.3698343632408201
"Promedio","08-2017",1.5112705527588945,1.5581429565078795,0.4722565010482908,0.6045944028908419,0.7453690868960785,1.9142032044961224,1.7413863262736844,2.0313014236256857,1.9420466446388769,0.800132681823793,1.7717895182860603,0.0,1.6450493489001927,1.0009647439887412
"Promedio","09-2017",2.3380202559968506,2.339636418632039,2.363729430117352,0.605220925588138,1.1192122351424016,1.1976167717249055,0.0,0.0,2.916088692312676,1.8021641284393926,1.9706950773337184,2.721706271676073,2.3054556885519384,2.004004026306993
"Promedio","10-2017",2.1662192412183585,2.047287943398547,1.4892267029792674,0.6355149001007109,0.7834891598929399,2.0121004304061523,1.830445256997148,0.7117291168742882,1.0206839274870267,0.21026337612670948,2.276270755810383,1.9052931100235115,2.2479357696940827,2.4550321359636813
"Promedio","11-2017",1.4656767772351713,1.5237278718804277,0.0,0.6449897219133665,0.3975850568424141,0.765786980484506,0.0,0.0,0.0,0.4267963393935859,1.8901697124951236,1.4502741867296578,1.7549615362093718,1.4237908230342342
"Promedio","12-2017",1.6077169252410024,2.1272284821131198,0.5526345003181695,1.4149925940461616,0.43611540759637296,1.400000223760792,2.037770068056183,0.0,0.0,0.23407879183579164,1.6126039064069373,0.5302738849520312,1.7325328939234739,1.1713288221600535
"Promedio","01-2018",2.865684905341857,3.2161668717662644,3.693925344231975,1.576351398630373,0.9716957327147256,1.2477194976675128,0.0,1.7653955692509333,0.0,1.3038599369800674,2.5664247633293362,2.3629748557511565,2.5734699126114755,3.044769950000841
"Promedio","02-2018",1.6234499349069695,1.6877499547250487,1.674127633073941,0.0,0.4403832036340133,1.6964406381130772,0.0,1.6001934150641488,1.1474110450893913,0.47273894228855284,1.6283847397418063,1.6063893285427588,1.9438748269572919,1.1827913672087147
"Promedio","03-2018",2.1079064365575833,2.2986653878842573,2.229443029994619,0.0,0.8796903334656222,0.5647893388953128,2.055197545730457,0.7991191917012472,1.146009198974438,0.23608068742876726,1.3940530846380244,1.6044267270417902,2.32979988423348,2.7564746890050373
"Promedio","04-2018",1.7337300088653789,1.8023978941707737,1.1919001437299777,0.7629499584487959,0.9405963918244439,0.9058394654849383,0.0,0.8544468431188386,0.0,0.5048518423525695,1.490571456272009,1.7155104847599025,2.0759211901209484,0.8420918290382097
