"Newspaper","Date","EPU Uruguay","Política impositiva","Política de gasto gubernamental","Política fiscal","Política monetaria","Política de salud","Política de seguridad nacional","Política de regulación financiera","Política de regulación","Política de deuda soberana y crisis monetaria","Política de programas de derechos","Política comercial","Otras políticas","Autoridades"
"final","1-2002",151.67479609178733,133.35090546090834,232.7882875417152,131.59783717095127,179.1288451877776,0.0,154.68006326764404,0.0,0.0,151.67479609178733,170.1271653597464,189.2990952926974,153.1453922189408,56.800756150788324
"final","02-2002",131.46283762317927,284.506489827739,124.164471048378,701.9157199012295,89.17405586557905,0.0,82.5031552926177,0.0,297.44268115527683,131.46283762317927,118.35954904471907,148.08674161218474,131.9520355078092,121.18540699942592
"final","03-2002",65.14866307766681,52.36848270388552,0.0,258.4001599365204,35.17301138136278,0.0,75.93087004049391,0.0,0.0,65.14866307766681,65.3585442013042,86.73000075006381,69.3946298118551,55.76582711922735
"final","04-2002",79.10350447434077,98.91125984887543,215.8345187011421,244.02736192484525,77.50542190477698,0.0,0.0,131.24593285868974,258.5216100317172,79.10350447434077,96.01379664804102,70.20504262395835,87.3796592535564,52.66400640311187
"final","05-2002",88.10431772580006,148.72397013377838,0.0,244.61467206184844,77.6919572162205,0.0,143.7600106663182,0.0,86.38126801300459,88.10431772580006,82.49560867232405,35.18700391441475,93.06433173056648,70.38767321908092
"final","06-2002",130.95554808022547,228.681449965158,110.89030884748233,626.875388003894,147.90405553456824,560.6305260983914,73.68291665113719,0.0,88.54790343602814,130.95554808022547,119.8001093455923,144.27829072144073,123.45700314663917,144.30630701905324
"final","07-2002",120.53072322395329,52.1695311022245,227.67854041120899,128.7092396475703,163.51713747575997,0.0,75.64240324844477,138.44811575089307,90.90270204998752,120.53072322395329,130.2204848586559,160.45808496725306,126.74015688164899,111.10793752754458
"final","08-2002",149.79987320744723,105.36199418684555,114.95534148213002,129.97109493823277,176.9145500000344,387.4547995087491,76.38399543715501,419.4163506571172,183.58781002252383,149.79987320744723,131.4971562788388,112.1754485404552,133.8001032320082,74.79815402181106
"final","09-2002",76.46954561262596,66.19690368568283,0.0,0.0,74.10132731656503,0.0,47.990587384993475,175.67412223560024,0.0,76.46954561262596,73.43744060707154,31.323406805440445,73.09914584716036,117.48558471824367
"final","10-2002",121.44616497890495,195.24426410927305,142.01433971410057,0.0,131.1347659715895,0.0,188.7275969410907,0.0,226.80200227111158,121.44616497890495,117.32491580925708,107.78451909960536,114.98776644267373,115.50583816164347
"final","11-2002",80.53999207087148,64.74050245215813,282.54083930547625,159.7235142614427,72.47102048194182,0.0,93.86948836855193,0.0,0.0,80.53999207087148,71.82173997559067,76.58564759790114,92.93815447126397,68.94046726106683
"final","12-2002",136.49553439073196,192.00872995520947,418.9827516060233,157.9037745857556,143.29070750909054,0.0,139.20004139997332,0.0,0.0,136.49553439073196,124.25607344560048,136.28358481403828,127.21749846399126,136.31004868086646
"final","01-2003",89.75839157541182,89.12712921718979,129.65636111397936,0.0,79.81567967309246,0.0,258.4569999455274,0.0,0.0,89.75839157541182,90.63610082616758,56.23153894784357,85.29756581040525,168.7273743607392
"final","02-2003",95.35110034568773,126.24067332090893,550.9402065721697,0.0,70.6573943309637,0.0,228.80088520884277,0.0,0.0,95.35110034568773,96.28349832401867,149.33810139366014,90.61232731646726,134.43039019548166
"final","03-2003",114.55359351654532,28.02485695718137,0.0,0.0,75.29098127892621,206.1154103509128,446.9762780615016,0.0,97.6637193453154,114.55359351654532,93.27054531523984,106.08761996509263,92.84088795690366,159.16233046273808
"final","04-2003",93.73146404996565,58.60105224332377,255.74701860320252,0.0,91.83786123282962,0.0,339.8707506791193,0.0,102.10929405235679,93.73146404996565,97.51614623997338,166.37496587697672,77.65354497675584,145.60636383904472
"final","05-2003",83.1985091251589,27.53779393519827,0.0,0.0,49.32163212122172,0.0,39.92799761487648,0.0,0.0,83.1985091251589,68.73714987302938,78.18288837668089,79.0636973643685,117.29710517056733
"final","06-2003",72.28303995955007,27.114879153393996,0.0,0.0,97.1283391663199,0.0,39.314798880115326,0.0,94.49254109540169,72.28303995955007,67.68151132737073,51.321457223130594,83.8378882910521,19.24928360412119
"final","07-2003",77.8189775342496,54.734109469074326,238.87088672903192,135.03639890393893,61.269786581057105,0.0,79.36087391300515,0.0,95.37134683632438,77.8189775342496,83.49118233765657,64.74845051567462,72.52937393975999,97.1415352829765
"final","08-2003",112.1130375960863,109.71115772851296,239.40100409860366,135.3360802153103,122.81152072794224,201.72413662839003,119.30549487054971,145.57638092049075,95.58300095713291,112.1130375960863,114.10427897253876,90.84900211724393,115.0930315417807,97.35711791786993
"final","09-2003",84.82392297903525,56.15157618408443,490.11400475615994,0.0,87.99911373922657,0.0,40.708053906307505,0.0,97.84120906697885,84.82392297903525,62.29336738455365,92.99536654709249,68.20704944403145,79.72579251938608
"final","10-2003",78.47934402516105,27.59928967868911,0.0,0.0,74.14766133096575,0.0,40.017162415267,0.0,0.0,78.47934402516105,68.89064953777486,91.4170619786291,85.33566208812314,58.77952300195469
"final","11-2003",89.98118152004076,25.315366485286734,0.0,0.0,68.01172213028771,0.0,0.0,0.0,88.22142611897601,89.98118152004076,98.29515683058358,131.76747348695827,89.45586582328448,125.80246674991615
"final","12-2003",57.32337470824346,53.75799007445404,117.3054506816342,0.0,48.141688769039376,197.68789900990112,38.972782360932065,0.0,0.0,57.32337470824346,37.2737335834609,89.0312317399524,41.55427303508215,19.0818257215277
"final","01-2004",62.96103393255268,25.304999832344357,110.43621257865563,0.0,45.32258086814969,0.0,73.38118480571895,0.0,0.0,62.96103393255268,56.14565995634832,59.869779387548434,55.88702100599852,53.89326453782824
"final","02-2004",72.03019154692376,81.06009128629417,117.92095807480413,0.0,84.6900084565097,0.0,117.53182332459488,0.0,0.0,72.03019154692376,67.44475921079051,63.92741638145748,71.60967483864367,76.72779594891506
"final","03-2004",43.597472030650955,49.06296910725281,0.0,0.0,43.93717446606651,0.0,35.56904591019564,0.0,85.48967890290609,43.597472030650955,20.411031403344964,23.21587951796638,48.76081570741705,52.24587217204309
"final","04-2004",81.14928476247024,177.57129192696814,0.0,0.0,56.792766050914175,0.0,110.34288996032367,0.0,88.40250457981135,81.14928476247024,63.319443479096016,96.02758703736832,61.62714114380674,126.0606819936557
"final","05-2004",95.22141506810092,153.08375621119302,222.6963097581148,0.0,34.27262876136092,0.0,36.993570044501574,0.0,88.91350171611084,95.22141506810092,70.76161313656202,96.58265979480976,67.61821897439226,36.22553041601336
"final","06-2004",100.03591037781482,73.41957575119,320.4180963767252,0.0,109.58192324754607,179.9938533955496,0.0,0.0,85.28653511145365,100.03591037781482,88.23762975119968,127.38392189372881,75.6699197684387,69.49563141986881
"final","07-2004",108.34849254657632,121.93135278331674,106.4266894700383,120.32840912592505,152.86981005527835,0.0,70.71699025081517,0.0,84.98362318722195,108.34849254657632,101.45104203833063,115.39226619131277,96.94435261798228,34.62440199983598
"final","08-2004",98.81737034742801,50.547901505590936,110.3007080233444,0.0,124.48416843356206,0.0,109.93671981323045,0.0,0.0,98.81737034742801,70.09596197004223,71.75558344264701,72.56398236631611,71.76951711049847
"final","09-2004",66.237655033299,49.69425781309604,325.3139096707805,0.0,66.75376506635797,365.4881220938984,36.02670954876672,0.0,259.7690001886857,66.237655033299,55.1297553733022,58.78649025508374,65.85095551104868,17.639371666181017
"final","10-2004",75.36395641684237,117.7941471417936,102.8155665715124,0.0,105.48774540604416,0.0,136.6350387308926,0.0,0.0,75.36395641684237,52.271331152650625,111.47693577155415,67.63970144324928,133.7982991499571
"final","11-2004",71.60360687544238,75.54377700560504,0.0,0.0,67.65143183375399,0.0,109.53352890926995,0.0,0.0,71.60360687544238,69.83888631489536,83.40782468221295,61.175108323681016,17.876575930640662
"final","12-2004",92.71594094150254,78.25429665333674,227.67854041120899,128.7092396475703,105.11815980584568,191.84655121306997,75.64240324844477,138.44811575089307,363.6108081999501,92.71594094150254,72.3447138103644,86.40050729005934,80.65282710650389,74.07195835169638
"final","01-2005",67.62440396872522,25.36732741813831,0.0,0.0,79.50987247127983,0.0,36.78096332010789,0.0,88.40250457981135,67.62440396872522,77.39043091889512,84.02413865769728,72.83207589722616,36.01733771247306
"final","02-2005",63.0603540895639,54.589054408643925,238.2378366758631,0.0,73.32889298588,0.0,0.0,0.0,0.0,63.0603540895639,60.559938875177814,103.322969091444,66.30906176073906,58.130455830996716
"final","03-2005",50.56686280859386,103.46556649742138,112.88624157265679,0.0,69.49209448306082,0.0,0.0,137.28906915607604,90.14169156819608,50.56686280859386,43.043439183780634,36.71879479222937,39.98881277005185,18.362962467054075
"final","04-2005",49.14736991445513,25.14028054946498,0.0,0.0,22.513780000004378,0.0,109.35528069298148,0.0,87.6112697951263,49.14736991445513,55.78018780040789,59.480065607971234,55.52323242337201,35.69496935214987
"final","05-2005",59.04410325011278,25.556166083782017,223.0647072928677,0.0,80.10175737801393,0.0,148.21906806911963,0.0,89.0605877404551,59.04410325011278,63.7908041005285,60.464020374025345,56.44173089191413,54.428185277657796
"final","06-2005",80.65265511276114,176.484564314196,220.06138810043007,124.40317777441619,101.60135478582148,185.42818434262045,109.66759687611116,133.81623264539604,175.72297115986981,80.65265511276114,111.87898948462063,95.43990290617268,94.65906936120042,89.49228342266868
"final","07-2005",79.35755025346349,49.61445972748689,108.26384227903534,0.0,111.07762191892967,0.0,143.87543419957098,0.0,259.35186811291106,79.35755025346349,96.32215087252288,58.69209203709084,82.18151663788541,88.05523350821395
"final","08-2005",83.86730743002352,149.0228527104138,108.39438549721746,122.55313051651693,88.9692463665768,0.0,72.02445872008265,0.0,259.664591426552,83.86730743002352,96.43829494511839,105.7731520401559,93.25135812070027,88.1614094328621
"final","09-2005",91.48370711831178,116.99130933469314,102.11481678041538,115.45330886978194,125.72253973497334,0.0,0.0,0.0,81.54051539432807,91.48370711831178,97.34075748774322,77.50200748585785,87.849064371186,49.8323937907522
"final","10-2005",62.62125847196565,88.08953612342826,0.0,0.0,39.44324393443391,161.9688096307066,63.862028972047625,0.0,0.0,62.62125847196565,73.29349694230359,62.52402049795864,68.09214091778608,31.268080779609544
"final","11-2005",98.09346551610969,143.98790584213964,104.73212858915613,0.0,107.45411891264226,176.49882711602436,34.7955054942846,0.0,250.8914576579656,98.09346551610969,113.1471323994099,90.84396195069098,106.00085848283369,85.18275210445084
"final","12-2005",106.279385850203,49.83452386337494,0.0,0.0,89.25624393550123,0.0,36.128397841847914,0.0,260.5022191408312,106.279385850203,103.6600566633588,106.11435575641448,99.0552377153093,123.82412150667149
"final","01-2006",139.185731537265,101.05447193881426,330.7668411084346,0.0,169.68173928866753,0.0,146.52236573635784,0.0,176.08217592511895,139.185731537265,133.12787871293176,155.4068697004998,128.32994365588362,89.67521940677061
"final","02-2006",89.3244267491004,105.81303012086458,115.44744482751585,0.0,82.91354851885175,389.1134245066462,153.42196343798426,0.0,0.0,89.3244267491004,102.71338947921853,87.62106240160556,87.63448542164922,56.33876369921941
"final","03-2006",79.83831085677608,74.87254796920628,0.0,0.0,55.875273869154654,183.55592884643085,180.93381794786512,0.0,260.92306279049325,79.83831085677608,89.98385101848919,82.66672123188634,93.7033033135308,70.87094884295992
"final","04-2006",84.22652649398277,26.329275496627574,114.90636178827313,0.0,82.52494645932582,193.64485718950263,0.0,0.0,275.2643815378191,84.22652649398277,51.11599442340318,99.66902514828685,69.77900569065959,74.76628433539358
"final","05-2006",107.71265913710805,126.26646830932758,330.6316687172992,0.0,124.382424119354,371.46259078362294,73.23124368433415,134.0349759762426,264.01532630537855,107.71265913710805,98.05413887350001,155.3433605588159,105.96836945796157,125.49400136352486
"final","06-2006",97.28697898383147,21.054449604969307,275.65781715544506,0.0,75.41924530154789,154.84990794676753,91.58271889040833,0.0,220.117718388164,97.28697898383147,81.7507590539879,139.47720733911453,111.59885952707194,89.68133015426001
"final","07-2006",92.02963579207521,86.30559998685044,0.0,0.0,48.30557894554012,317.37743004452705,125.13746738517155,229.0388171884537,75.19151576690658,92.02963579207521,47.872800842668504,112.30600655784399,66.71317996344544,76.58714618329641
"final","08-2006",129.82286758207286,159.79448361067398,398.5005262165896,112.63841474883417,143.10014727745673,0.0,198.5927446940144,242.32256092638764,318.20982808484735,129.82286758207286,158.2791161957455,194.43191893306826,136.1231933139825,145.85225563506822
"final","09-2006",94.53833461567554,66.4936975508446,96.73071417398747,0.0,99.24474756099491,0.0,64.2743376239475,0.0,231.7236382601368,94.53833461567554,104.5028213516788,157.319226611614,102.7976402880063,94.4098651372859
"final","10-2006",88.13352187857029,0.0,0.0,0.0,96.54373907887434,158.57797621205955,93.78760640033094,0.0,75.13904436720881,88.13352187857029,107.63863525127557,142.83517220526906,90.47613400684995,61.22696068917262
"final","11-2006",99.9517925326141,117.16877055476851,306.8091366519647,0.0,73.44939299963507,172.34906326270865,33.977408664308996,0.0,0.0,99.9517925326141,77.99072901786268,121.97360742573575,87.98232044152533,83.17997219149068
"final","12-2006",96.1883753632835,117.65957652434295,0.0,0.0,84.29378711349698,0.0,34.11973596640625,0.0,0.0,96.1883753632835,97.89677857011799,167.02437311240666,109.13930735832506,116.93976440843308
"final","01-2007",61.95300792320972,46.479736435189864,101.42355438776872,114.67175205908013,31.217866438516793,341.8461675996711,67.39257363503785,0.0,161.97705991456974,61.95300792320972,38.67272516361487,76.97736057546092,66.72393263845163,65.99340704594537
"final","02-2007",40.441828494553505,25.284291976507742,110.34583924593987,0.0,45.28549201310211,185.95927979695693,36.66056736815992,134.19950336082883,0.0,40.441828494553505,35.06232140277276,47.85662889178176,33.50477216775329,0.0
"final","03-2007",97.56754801457869,43.919551947821546,191.67393824952168,0.0,98.32777405829916,0.0,31.84023690397399,0.0,76.52754127804565,97.56754801457869,103.53726578837261,145.47462812377438,101.84783977361819,124.71675148199627
"final","04-2007",81.60416929444604,24.16691810347474,105.469390346921,238.49213040680021,97.38948790772329,0.0,140.16179373919877,128.268903486064,84.21920264232321,81.60416929444604,93.83593188246168,80.04802572160757,85.39764117115269,34.31295841516791
"final","05-2007",68.96202954173297,72.75684017729779,423.36770975993255,0.0,76.01493302199282,0.0,0.0,0.0,0.0,68.96202954173297,40.35744749217109,57.37912137535057,53.5620507443675,51.65123704920587
"final","06-2007",32.0882489540423,45.138648349587235,0.0,0.0,50.52855299489661,165.9914097237994,0.0,0.0,78.65175352681536,32.0882489540423,18.778447079994873,21.358948322044306,24.922590448620962,16.02232188962461
"final","07-2007",60.83199707083258,91.27741446172071,199.17668472457686,0.0,40.8706582274821,0.0,66.17313637207003,0.0,0.0,60.83199707083258,56.95944029360336,75.58449105249284,55.43711810425156,64.79928705139172
"final","08-2007",79.49023271843753,23.54087984403235,102.73723090174364,0.0,126.48884854859605,0.0,136.5309358442405,124.94612808147264,82.03752425006493,79.49023271843753,65.28938172066789,66.83520057800835,72.78725615821247,50.13613409576251
"final","09-2007",42.91447078143187,43.903949975548784,0.0,0.0,68.80499088456045,161.4509697420116,0.0,0.0,76.5003556505934,42.91447078143187,36.52958302310903,31.162060660261446,43.63356830088225,15.5840558912228
"final","10-2007",61.01224002511653,68.66089954509435,99.88341893225075,112.93044026855335,30.74381735556154,0.0,0.0,0.0,159.51740826401513,61.01224002511653,69.82336656238094,97.46800084292886,65.71071736505293,48.74346370421354
"final","11-2007",40.554664713888386,22.819353615430177,0.0,0.0,20.43532911374105,0.0,0.0,0.0,0.0,40.554664713888386,18.986480097867787,43.19113774428162,30.23842805686449,16.19982176284793
"final","12-2007",78.19606712079808,73.33244809009287,0.0,0.0,120.39706954907406,179.78025309484286,0.0,0.0,0.0,78.19606712079808,81.35346219149679,69.39968414449048,70.18154148957393,52.05987025370908
"final","01-2008",74.38145596687512,98.47778420810346,0.0,0.0,88.18943623906098,181.06951387400903,35.696584321825824,130.67075147962777,0.0,74.38145596687512,40.96843673707248,116.49561853736516,65.24754038086775,139.82188791646914
"final","02-2008",89.84272196920159,120.36386753133019,0.0,0.0,86.23119788081148,0.0,139.61577973943562,127.7692194054794,83.89111848711353,89.84272196920159,73.44101664138238,68.34530639550913,85.06496629319729,68.35857784774785
"final","03-2008",81.04947014406623,45.60502552810695,99.51484543065574,0.0,81.6809907601635,0.0,66.12430010906482,0.0,158.92878314126972,81.04947014406623,50.59324782782383,97.10834032321324,70.50426103885894,64.75146469932426
"final","04-2008",90.9670446157611,46.532236137488646,0.0,114.80127587541195,93.75938274851221,0.0,134.93738952979342,0.0,0.0,90.9670446157611,90.33828231304763,99.08268157978459,92.49133642092134,66.0679477918557
"final","05-2008",54.36734259663849,70.59574591460579,102.69810781305296,0.0,42.14689355674849,0.0,0.0,0.0,164.01256752202625,54.36734259663849,45.68516333272172,55.67479103746888,36.37976911944168,33.41136125955231
"final","06-2008",99.26069418402906,67.02257005486433,0.0,0.0,110.03752415764976,0.0,64.78555795212061,0.0,0.0,99.26069418402906,99.13788981446318,84.57093348627231,103.6152643250042,31.72025837584395
"final","07-2008",68.61354446043975,136.26198366170874,0.0,448.2354850791534,81.35078462331609,0.0,65.85698393809837,361.61365624461484,0.0,68.61354446043975,75.58307696438952,75.22337441019867,70.21923830037035,48.36727379690428
"final","08-2008",97.1188822472672,87.43517451798361,0.0,0.0,78.30048990450763,0.0,95.08145735527008,232.03649537592196,76.17562828313423,97.1188822472672,96.99872770668736,124.11913796764905,96.55189621269783,31.035809928399143
"final","09-2008",67.04130151558017,23.576806406175095,102.8940217920935,0.0,42.22729587181287,0.0,34.18482512315255,0.0,0.0,67.04130151558017,65.38902213535033,44.62480008069997,78.10536358068393,50.21264860792696
"final","10-2008",150.27423023937726,159.97177038982784,0.0,112.76338340425076,163.7244711242922,168.0785798164803,165.67756406764573,727.7742297644949,79.64071788329159,150.27423023937726,171.13109946199472,162.20636234954873,166.5573770262351,129.79028796979938
"final","11-2008",131.47418725951036,46.23629598996252,0.0,114.07115178641754,82.81162924056979,0.0,134.07920186723953,245.40485313420552,0.0,131.47418725951036,121.82221897936068,175.02671307372182,127.64319612481145,196.9432876937921
"final","12-2008",122.26707344993531,98.28200332498595,214.4614163952899,0.0,110.01763666006116,0.0,178.12808478684457,391.2329060205157,85.62564658306977,122.26707344993531,122.66096565811365,127.89041860105972,124.80916190150747,69.77195599807902
"final","01-2009",89.94433418936097,126.52499916172178,0.0,0.0,90.64516173629939,0.0,146.7623696114379,268.61882572798174,88.1852994088536,89.94433418936097,105.27311241815308,59.869779387548434,95.0079357101975,107.78652907565647
"final","02-2009",75.67409615518329,79.83825528499344,0.0,0.0,47.664833109397726,0.0,115.76024114700623,141.25046779236246,0.0,75.67409615518329,103.33267778787878,37.778294900360024,88.16285871876511,113.35689233538034
"final","03-2009",118.95616623852506,119.52574388894568,104.32697528707041,0.0,160.55765350099838,0.0,34.66090005716937,0.0,249.92089109062331,118.95616623852506,152.4892232644226,101.80410146069939,126.70895656168514,101.82387002040738
"final","04-2009",143.67559384491872,202.10894387762852,0.0,0.0,67.87269571546702,0.0,109.89177430226837,536.3590943808106,0.0,143.67559384491872,154.14807008865785,47.81749836938456,139.48906919117783,179.35043881354122
"final","05-2009",95.57297092541988,48.88829872672858,0.0,0.0,76.6163169857744,0.0,35.44241560434447,129.74034264788992,170.37064964906682,95.57297092541988,101.69182773937099,46.26645609632698,97.17444206248699,86.76645042284846
"final","06-2009",75.25088854367455,24.907218698341364,0.0,0.0,78.06773451835456,0.0,36.113835811278854,264.3962807044463,0.0,75.25088854367455,96.71039009409694,82.50012163246699,82.51276015516831,35.36406072857089
"final","07-2009",113.75987383169138,24.619446052025864,107.44431518608647,121.47895965143192,88.18943623906098,362.13902774801807,107.08975296547747,0.0,257.38864680050256,113.75987383169138,116.07723742170538,104.84605668362865,135.93237579347448,69.91094395823457
"final","08-2009",102.67913565202538,50.23968259397148,109.62814273051912,0.0,123.72511862604033,0.0,145.688498614281,266.65332212509406,175.08008224099223,102.67913565202538,62.70169281100728,83.20439096347586,83.21713737600511,106.99784715559069
"final","09-2009",86.79565526585615,28.728409851503912,0.0,0.0,64.31760953046347,0.0,0.0,0.0,0.0,86.79565526585615,55.773704747432475,67.96931718474815,76.13729723662392,61.184264063866365
"final","10-2009",78.94184121642985,26.12888354781603,0.0,0.0,105.2959495053059,0.0,37.88516982992931,0.0,91.05644869193253,78.94184121642985,50.72695091404958,74.18283362252512,63.47725827751088,55.647928964641245
"final","11-2009",109.20478759359378,80.14890997481831,349.78629198064465,0.0,107.663173618698,0.0,154.94756013451416,141.80008050750786,0.0,109.20478759359378,96.32512543094647,101.1341124180844,100.30669217652496,94.83164144788627
"final","12-2009",105.27602200412265,26.92584295886053,117.50990462617736,0.0,108.50759066668778,0.0,39.040708778990336,0.0,0.0,105.27602200412265,97.08061661079704,101.92732114293212,101.09341133085066,76.46033522229574
"final","01-2010",96.64745756641896,57.24391810151452,0.0,0.0,102.52685732285458,210.5069383157771,82.99993204982196,303.8291674051558,99.74455820121372,96.64745756641896,95.25778250120605,54.173969898802504,94.81897079433654,142.2342850099793
"final","02-2010",58.64283264550035,89.99244115133726,0.0,148.01562559470585,26.863529728160565,0.0,130.48314560356724,159.215333113527,0.0,58.64283264550035,74.87677879372714,28.38873810959093,59.62548289659396,42.59137605222542
"final","03-2010",82.74577550497176,129.33195812177672,112.88624157265679,0.0,92.65612597741442,190.2404687416336,112.51372119855525,137.28906915607604,90.14169156819608,82.74577550497176,107.60859795945159,97.91678611261166,97.11568815584022,55.08888740116223
"final","04-2010",88.64558640420519,27.710676946450636,120.93508121842018,0.0,49.63127465471818,0.0,0.0,147.07784135150928,193.13766919858335,88.64558640420519,92.22491139914972,91.78600976239936,91.80007082734195,98.36124962733673
"final","05-2010",93.57034120443879,138.55338473225316,120.93508121842018,273.4638463902189,86.8547306457568,203.80469947253934,80.35733331639715,294.15568270301856,0.0,93.57034120443879,122.96654853219962,65.56143554457097,104.04008027098756,59.016749776402044
"final","06-2010",71.72051072340228,25.22237126146323,0.0,124.45395458167107,67.76188315103359,185.50386931582153,0.0,133.87085151586354,87.89734741078385,71.72051072340228,69.95290898642989,83.54400072251043,83.55679916121329,107.4345730623482
"final","07-2010",96.5771638588528,77.63167033993079,112.93351386812272,0.0,81.10806086266234,0.0,37.5202791657382,274.69312078213204,270.5383180357041,96.5771638588528,114.83057086549631,48.978894895944144,108.58651593954436,128.59456504880455
"final","08-2010",97.4339954773724,156.64083546409358,0.0,0.0,81.82765075624744,384.0173044560733,151.4126348082515,0.0,90.97951041673868,97.4339954773724,101.36817821016244,49.41343515484352,103.78411049174782,37.067272778869615
"final","09-2010",120.57754945675204,135.69347736184656,118.43883667855822,535.6384518666563,72.91023878789298,0.0,118.04799294833047,144.04197901355542,0.0,120.57754945675204,120.42837208028334,141.25797223612875,137.85465181479637,57.798573562308555
"final","10-2010",76.798623807839,76.25850628208752,0.0,0.0,79.67340573428123,0.0,184.2830659148145,134.91714776382793,0.0,76.798623807839,56.39971271633179,96.22509338668418,67.36788414478735,90.22854243889795
"final","11-2010",98.67208629398901,55.52094302837819,0.0,0.0,136.73126317163488,0.0,120.7525965603542,589.3685286861917,193.48472700487014,98.67208629398901,115.48829313797387,65.67924585103022,104.22703459312771,78.83039952163915
"final","12-2010",84.76374880479287,89.42808913253968,0.0,147.0874041124429,66.73766430295558,0.0,43.22162404620493,316.43375418607394,103.88253794328048,84.76374880479287,74.40721867586971,28.210709361195036,85.5855942526015,105.81070268642593
"final","01-2011",82.80643321033723,29.121022427231345,0.0,0.0,65.19659665411258,214.17741744757905,168.89430093832766,154.56342422896589,101.48374229803036,82.80643321033723,72.68905010135622,55.118567865935255,90.0407857753571,20.673476594624027
"final","02-2011",63.419845261911306,59.475273908166436,0.0,146.73348831813962,53.26166625602576,0.0,86.23525182654748,315.6723640171951,103.63257995977885,63.419845261911306,65.98060712868266,56.28565977454986,72.24432907907277,21.111221046098265
"final","03-2011",123.18260712577454,133.2933770288717,0.0,0.0,143.24125428820733,196.0675063950659,115.95999997556015,565.9768528280686,0.0,123.18260712577454,140.47920247274854,163.98843972710205,117.75332639917893,56.77625194192258
"final","04-2011",86.90623110616349,102.94845412842136,0.0,0.0,57.62064893795374,0.0,37.317128966173605,409.80872913019454,89.69117082733047,86.90623110616349,92.79467518608045,85.24898032909229,90.9461759577832,73.08474357982873
"final","05-2011",112.71337514680161,110.29863380738048,0.0,0.0,123.46914600627125,0.0,79.96289749913683,292.7118127745343,192.18964851086162,112.71337514680161,91.77222330214363,65.23962573154542,103.52939714605188,78.30275293849564
"final","06-2011",100.29409319197238,153.90986199398483,111.94903740850022,0.0,80.40101674555322,0.0,0.0,272.29853566946093,0.0,100.29409319197238,99.60086252530283,97.10386136281828,107.63993360881358,109.26305687121341
"final","07-2011",153.72371714850274,101.7617284324165,222.05453364930182,251.05985074112317,159.47801510089556,0.0,110.6608809976733,540.112945597144,177.31453368169656,153.72371714850274,190.50576078436958,120.38040449929456,157.3211588433987,54.181701112135265
"final","08-2011",170.33621296808042,126.11185630731617,110.07560453758246,0.0,214.5792966449397,185.50386931582153,36.57078638685013,0.0,87.89734741078385,170.33621296808042,125.91523617557378,83.54400072251043,144.83178521276972,125.34033523940624
"final","09-2011",187.69084259498126,309.1028408032593,224.83137233603753,381.2991105357575,219.14100741146405,189.4474697056118,261.437676754681,546.8671716779753,269.2978338763073,187.69084259498126,171.4560670446885,146.26294415779236,164.9773678033682,91.43209115004625
"final","10-2011",137.90422776620895,86.82530452310205,0.0,61.20276770877039,72.2004542473043,0.0,107.90657564967823,329.1685931492028,43.22531135215184,137.90422776620895,99.76222768939871,129.12260248159984,126.25770935631697,114.47180356067813
"final","11-2011",156.4917651443192,168.94328929870503,53.508974427991475,353.0713974102919,157.85230616962434,90.17549202852435,254.41563221365806,750.4363133409339,85.45575442715096,156.4917651443192,168.4463589501107,163.41891745443138,158.55205688338924,265.39612848740836
"final","12-2011",195.26354106750333,144.15978445035307,115.25009876798163,159.08457315508502,180.75548074024312,194.22413667682167,116.74911442349882,265.8184845838236,267.3830006452063,195.26354106750333,171.19116886864825,145.3117018640112,177.4628010657832,157.77032283994677
"final","01-2012",115.8347054429704,105.0979387545971,56.7997538157281,0.0,111.48105747776226,191.4424936073137,101.30791232263202,0.0,271.3896660350645,115.8347054429704,152.2081484466789,90.14366896062053,130.2708895014914,103.42176796078901
"final","02-2012",74.8268289192807,26.44193820735341,57.69902248974691,0.0,29.599310676086205,97.23673081381317,117.6117291097446,210.51578062507423,43.25681440100361,74.8268289192807,94.81772402302481,51.80407380834008,69.89226622631502,68.99838182301359
"final","03-2012",124.08079145547126,180.63377014121784,0.0,269.63097353964315,151.8410967102018,133.00866903827384,90.11111171394842,250.71979524631368,41.31782447360331,124.08079145547126,145.5563514391754,131.3827508637162,134.53430936155166,113.0879644250449
"final","04-2012",107.01402663469602,100.35382291776347,0.0,0.0,56.65322608518711,93.05579029970572,80.81705840231888,134.30941286399087,86.29678705493998,107.01402663469602,105.31283349160731,151.47577844841507,102.10654823660582,80.45804144928321
"final","05-2012",108.34611844594049,75.0401696838363,110.70822295446511,125.16920719420939,97.88209828271111,186.56998350729177,86.41701251024882,201.96033633858724,100.31846899876933,108.34611844594049,139.63393374931496,79.90166219386145,120.04668195509167,116.53496518048907
"final","06-2012",132.06223824102688,141.864030570643,107.40152573360295,121.43058093392835,161.57716884290744,90.49870167737211,70.54531311433684,522.4748486083085,80.92844426662026,132.06223824102688,123.2892208733549,91.69111887617957,140.85775177805758,224.56661471515028
"final","07-2012",94.52359504701911,40.14090313588329,0.0,0.0,108.74882852980544,0.0,16.924523356211335,309.76915962775377,0.0,94.52359504701911,103.2917562797623,103.85698941212284,97.04269477037548,92.4052842142447
"final","08-2012",86.87031664331587,42.39604758132519,51.15425476424071,0.0,68.53221613651363,110.37859003547307,93.62778215327306,124.42472921618577,40.84759126639235,86.87031664331587,88.92046207727094,79.32922771560537,89.453534594268,33.28461102715644
"final","09-2012",75.23869646732466,98.38283641627193,141.36298654690145,0.0,78.18338758760808,111.42829996952798,35.23335692008762,221.81005592536226,35.23498152865611,75.23869646732466,95.69146497726686,34.495163491402266,79.17308647055368,43.127327304160616
"final","10-2012",60.35309296049929,87.51499649766293,0.0,0.0,64.92551277606198,84.57098619720186,83.65089502251286,163.8874689493913,0.0,60.35309296049929,64.94217028016068,58.08608122565635,53.26725043486151,50.98186019341185
"final","11-2012",77.30211210121257,86.37453417214344,0.0,0.0,64.62611961028364,90.75169325554367,108.85853725738596,130.98386030905178,43.000898793214944,77.30211210121257,77.48689811342614,45.34622554079829,76.86995644792742,103.13510778948829
"final","12-2012",75.17614051641903,51.56012481483931,294.086223229624,0.0,68.51432226609276,94.80277009256626,97.53942446891007,0.0,45.25833274271209,75.17614051641903,106.53112678074352,72.5525380405842,81.15715859689331,158.66829051312578
"final","01-2013",86.78759938155738,184.009627151447,55.03780226879123,301.084818813661,119.57560295015172,92.75193465791077,54.856179580275196,66.93542575793177,135.18622225295624,86.78759938155738,93.18905615506844,81.06323657771385,80.5618441920551,26.85864326558705
"final","02-2013",65.02139602184337,101.37445235480213,0.0,0.0,88.05870209075788,0.0,18.5427207466438,203.6321934274828,133.7014700888372,65.02139602184337,81.76580420680136,42.35985135971659,66.04611786763964,0.0
"final","03-2013",90.676493229583,104.8159227884026,0.0,57.46554631079798,131.9317894936317,418.91246034047896,195.61008645143045,258.9640099070749,305.5162600905327,90.676493229583,125.43499255925242,125.96301127283522,96.99710601390515,33.071328559210095
"final","04-2013",52.11543413231792,23.292427286311693,0.0,57.46554631079798,52.14744745572066,0.0,101.04420240770747,185.44115315521995,95.57365209851845,52.11543413231792,62.0688291362369,57.7836321015494,51.488976073861544,75.95043063941516
"final","05-2013",90.51864274389591,189.4402403851804,159.7661321783632,143.1709824232114,91.208660221347,179.49624005677833,143.8395448110992,117.43770228469882,0.0,90.51864274389591,87.99593120836559,131.48559685933574,85.00273303170641,37.249834807592
"final","06-2013",94.99714948212336,153.3571642607068,159.0562786374021,347.9701960133497,118.3702075425877,89.78357957798552,54.027074850108136,64.79328056378223,85.0843544671752,94.99714948212336,114.31288316362745,112.80062775149021,108.85503747044869,54.763732237680095
"final","07-2013",94.22551018002521,132.74476044003882,0.0,57.078283175794475,86.12808562140134,320.2699251953958,84.91847978830184,61.39715204302989,40.3123364201461,94.22551018002521,115.33804412833598,73.79428598286053,95.9580695139083,86.64152772236125
"final","08-2013",80.9697003181715,120.37342223547363,50.42730574365689,57.01424620888072,90.53327110384892,84.98213908447322,91.75870053074894,61.32826967349769,40.26710941593501,80.9697003181715,85.92116012727405,48.30701007051341,94.49065703758579,101.03646942369238
"final","09-2013",61.74719689319291,34.9254764076403,50.80731558347345,0.0,75.67109471625581,0.0,0.0,61.790426943079446,0.0,61.74719689319291,55.03679341679007,27.54370784935819,55.392158053370856,63.41711563436111
"final","10-2013",55.166329353587706,51.3782508629321,143.90887466226098,0.0,46.696475204620945,80.84035571393858,46.5846464804171,149.33912161685745,0.0,55.166329353587706,45.68545754938968,81.16773852014992,56.58923467126546,78.76434308560682
"final","11-2013",98.07569877786877,102.68371303150514,0.0,0.0,87.26552692953219,87.06599230340282,117.50134591274846,160.82167007524598,82.5090042744906,98.07569877786877,81.96530832570973,115.41988119523828,98.35920990939115,76.02736772559996
"final","12-2013",73.01467523165756,79.30286883955354,105.63463811871407,0.0,76.01117907922904,0.0,52.57959250029316,0.0,0.0,73.01467523165756,70.37525242636407,54.22057425935431,73.18473853419452,42.95839926928338
"final","01-2014",79.36769804684697,87.74384847681179,0.0,67.5780560117673,119.44731595837058,0.0,19.85780732441995,0.0,47.72794795133432,79.36769804684697,74.40135976720632,90.13795206784887,80.11856512765783,64.57849182619944
"final","02-2014",43.169854345756164,38.26693864209643,0.0,0.0,65.86784778224941,0.0,86.37119742056436,0.0,0.0,43.169854345756164,51.50782299119522,46.793939473959306,44.75724031678622,37.13814416576697
"final","03-2014",98.04130651499838,59.78599999089098,163.564375897882,157.6299964000925,109.40334567704241,0.0,238.7938536338554,0.0,165.77752305841133,98.04130651499838,117.2481238258649,154.01970901955193,107.55842685579874,55.469122583383694
"final","04-2014",81.57273744236373,49.64794809630567,0.0,162.04832667890864,56.20495392442916,0.0,74.69934394894315,0.0,40.62647812076315,81.57273744236373,104.08611036745359,40.678443691261904,85.68108958267783,65.87901717701544
"final","05-2014",81.61312109325533,36.34431428986432,216.0093124463512,143.14788660414007,99.24086695019915,97.32001709288281,156.1718069425875,0.0,151.30466129136045,81.61312109325533,89.42447069963377,92.02710411930748,80.07206203876262,167.7629337519044
"final","06-2014",71.21085187660547,99.91487062141215,0.0,0.0,71.62107813492851,0.0,61.82702175437657,126.92863243570655,166.6784064678177,71.21085187660547,66.71166199933221,90.87770950722022,69.9190661176913,61.932427621265774
"final","07-2014",49.95543261610329,44.49829899023562,90.16258860725081,0.0,41.47071047507187,71.06997535047553,17.941214787301327,0.0,0.0,49.95543261610329,31.53710146092567,60.108736079244814,42.77804841394022,8.784364704403721
"final","08-2014",87.40089682456441,102.94845412842136,136.57806895033252,85.43663149714907,80.21180421632573,171.12333613335983,48.39679799226647,136.60290971006484,119.92046072112385,87.40089682456441,95.26752371063995,62.67328497215076,94.01493110636837,65.0834483039646
"final","09-2014",99.16865170571718,176.9405063197286,166.59180279088065,150.68326525030807,148.30853634857593,131.31472266743492,77.17386130350353,0.0,229.60060345375175,99.16865170571718,90.04586330648795,110.38969315988382,91.55432091318646,87.09640950758819
"final","10-2014",54.03874861605085,37.21084479561517,0.0,61.20276770877039,79.36649948550472,0.0,17.984429274946372,0.0,172.90124540860737,54.03874861605085,62.85651282003528,45.810317170606446,47.655925879851644,35.22209340328558
"final","11-2014",137.93152573889486,187.33809750285596,116.79741494892899,0.0,203.71606996106175,0.0,38.803995949667744,142.04572811341086,93.26483376198372,137.93152573889486,126.1818388603207,101.30931226636172,130.033534713134,75.99673856005576
"final","12-2014",121.0160132729584,56.74454507859037,123.82242016394723,0.0,190.56085137744756,0.0,41.137936936539404,0.0,0.0,121.0160132729584,70.82009380857572,107.40275574978386,68.92732590739818,60.42578145150439
"final","01-2015",134.24413884228744,87.15770040985178,0.0,143.35316818293092,143.09534171135834,0.0,126.37295719010271,154.2000875476566,303.73554464939417,134.24413884228744,120.86362977204035,96.23074836396361,141.16005249300724,61.87463657798616
"final","02-2015",80.52944604598332,56.640522081196075,0.0,0.0,88.76537549955898,208.2880292501204,123.1875710097839,0.0,0.0,80.52944604598332,47.12684519250776,40.202200164361116,56.29170245966248,40.21000672208266
"final","03-2015",127.1900530875033,123.39219167449065,0.0,365.3101302616942,132.60112916935486,363.0067730221747,35.78211926828387,0.0,86.00179758642989,127.1900530875033,143.73311371213327,116.77476139328536,141.70841604284576,70.0784621945562
"final","04-2015",143.74611524242115,134.8054310440334,117.66371340186608,266.06648230811004,144.86615507856223,0.0,78.18361836630264,143.09929590482795,0.0,143.74611524242115,157.02779962267965,127.57591733367651,148.86137139686778,57.42031064632486
"final","05-2015",61.38166672298636,57.56386547795521,0.0,142.0177870168114,64.43743740103723,0.0,125.19575218600302,0.0,0.0,61.38166672298636,63.86013116600027,68.09594842309887,63.565954958848806,81.7310057453045
"final","06-2015",158.32796231943738,161.97853103691983,117.81792534603628,532.8303865881942,205.49602688514264,198.55154208115454,117.4291305999775,143.28684413012917,188.15945928913976,158.32796231943738,157.2336027676635,255.48624074162217,155.01873035005931,172.48669987074254
"final","07-2015",126.00049569207178,141.79625881272355,123.76559482197203,0.0,203.17162456176507,208.57479569699987,41.119057663048565,301.04046462952334,0.0,126.00049569207178,149.44047330510836,107.35346582057332,144.05463156598958,60.39805048250415
"final","08-2015",167.42758577640362,206.0808323649807,128.48272087521534,435.7963631135218,237.27958130542967,649.5728630163354,256.1174654057632,156.25706822956917,205.1915208731972,167.42758577640362,195.96146014302417,125.37570379986083,188.55679150084816,83.60003303247676
"final","09-2015",171.9921275696514,170.7825230509026,0.0,842.6868412485328,165.6852432335652,209.34338084926887,165.0823153344686,151.07489001099293,99.19322945942903,171.9921275696514,197.35677915333164,148.15495291647406,188.5897355550185,80.82748472370739
"final","10-2015",108.1506134733489,27.661060694084565,241.43709142083887,272.97420655782815,148.62722803942015,0.0,160.426905367561,0.0,0.0,108.1506134733489,107.40307870342637,65.44404711924497,97.74474864576429,98.18513279720722
"final","11-2015",137.8741107279311,89.51445136250832,0.0,294.45889785137047,160.32507360698435,219.4517044054866,86.52672781050973,0.0,311.9485772425212,137.8741107279311,140.68269721317262,197.6656704685182,131.7973011073379,127.09546306265239
"final","12-2015",136.25562288487563,92.00219790161526,133.83882437572063,453.96355641453215,219.70767737969535,225.55061033437354,88.93144084147178,0.0,106.87270528854613,136.25562288487563,187.11969202821695,116.09091911812865,162.55218496871274,261.25528933275746
"final","01-2016",100.80856073264395,100.09958357006195,145.61837533319496,493.91823227607034,104.5821000756143,0.0,96.75856009479787,177.09696879798364,116.27888831340199,100.80856073264395,111.04835443850102,126.30842441848233,110.53680234609752,142.124570195871
"final","02-2016",162.45862728581324,60.941626815172505,0.0,150.35117787233438,136.4370592702435,448.2095461772808,176.7227350054888,0.0,424.7504953775551,162.45862728581324,160.56745134705676,158.60177651955877,141.32141081013887,173.05371729306583
"final","03-2016",95.35921740539197,149.04681522089948,0.0,147.0874041124429,133.47532860591116,0.0,43.22162404620493,158.21687709303697,0.0,95.35921740539197,90.9421561593963,98.73748276418263,111.91962325340195,63.48642161185555
"final","04-2016",128.63488380112418,90.47556309016825,0.0,148.81024339926506,189.0542209273184,0.0,87.45576051516137,0.0,0.0,128.63488380112418,142.19319957466107,114.16456906931637,146.53364160694312,149.87009338045158
"final","05-2016",160.57529489639023,161.34415036706247,563.3111877119102,636.8923002090738,130.03912301830206,237.3287100907377,0.0,0.0,112.45352540805246,160.57529489639023,161.09259980686988,213.76793918553585,192.4206184339168,206.17339739119043
"final","06-2016",151.40408159851665,152.12902410286785,132.78445648305123,750.6454670731022,136.23552742494033,0.0,44.115424248046686,0.0,0.0,151.40408159851665,135.01496958483762,71.9852295738027,127.67336290676117,172.79809880371124
"final","07-2016",141.87535240290256,177.40136724569834,129.03599574979762,583.5639975599887,145.62860852634412,0.0,171.4802423881011,156.92994555687352,206.0751207238473,141.87535240290256,172.20464915558938,97.93435491394764,163.2489297806799,209.9000829368047
"final","08-2016",153.0436775257608,148.47383371116032,259.1881125584594,0.0,172.85087124462757,0.0,129.1664007416379,157.60864306288596,0.0,153.0436775257608,140.00666310835197,98.35790570406083,144.28036119780225,126.48472080862716
"final","09-2016",98.72948412313939,130.71350521540967,0.0,0.0,131.68954023270675,240.34081429072594,0.0,0.0,113.88075153697538,98.72948412313939,72.50539482464441,92.77757880342249,101.03995103929547,162.3922905005528
"final","10-2016",169.58947391164818,144.5830828043634,0.0,428.0470595111288,181.26911496493935,638.0221990974675,251.56320069569344,0.0,604.6284543465243,169.58947391164818,192.47688574647063,164.19504119538786,178.81754554544477,164.2269249744209
"final","11-2016",173.34434793286673,157.31876168682516,137.31427246287015,155.2506052571762,169.0596881059392,0.0,501.8241818358508,0.0,0.0,173.34434793286673,165.79979192048427,312.6519375307799,187.61990035689948,536.0788268895176
"final","12-2016",135.65557126959314,298.6859754646962,289.6726435199538,163.7552033969356,133.7405588507242,244.08403857344936,240.59727886085614,176.1458572577152,231.30880897574698,135.65557126959314,165.67794233628132,141.33383580875827,153.92041950749817,306.28277408125587
"final","01-2017",200.19641258241361,241.38597496322234,175.576322341847,198.51053953456645,198.1535102995177,0.0,349.99385409290164,0.0,280.4016942140891,200.19641258241361,211.99921310666087,266.5140648048836,213.2439145260131,571.2124652837524
"final","02-2017",159.07015070279513,107.40696916092396,0.0,0.0,112.21671456549112,526.6332327042442,259.5551177513987,0.0,124.76738189827373,159.07015070279513,139.01418182123666,169.4113572009192,173.9556382691926,355.83293318255534
"final","03-2017",110.40310099782991,65.39133290008986,0.0,322.65840076729535,73.19956513228938,240.46797874273162,47.406574945916844,0.0,113.94100590286797,110.40310099782991,90.67969683426097,170.18222369400274,122.75628518746151,92.84469276993056
"final","04-2017",65.37025716976771,36.78262475630055,0.0,181.49535043160367,32.939804309530224,270.52647608557305,106.66479362831289,0.0,0.0,65.37025716976771,61.20879536312615,34.810000301046024,48.74146617737442,104.45027936617188
"final","05-2017",120.1277264743227,71.15119123843975,155.259200412825,175.53954445889127,63.71775617732962,261.6490960413142,0.0,0.0,247.95452061764016,120.1277264743227,98.66702764349638,67.3354064545277,109.99801232890485,176.78976473030815
"final","06-2017",139.0952622334263,213.45357371531924,0.0,175.53954445889127,111.50607331032681,523.2981920826284,103.16456723981904,0.0,247.95452061764016,139.0952622334263,148.0005414652446,134.6708129090554,141.4260158514491,252.5568067575831
"final","07-2017",170.1201873333714,389.9844552475239,464.1742360018537,0.0,95.24762691912353,1303.7420534244486,205.6188792834947,0.0,0.0,170.1201873333714,196.65476421887922,201.31084511448302,172.25899693208632,176.18119411161518
"final","08-2017",142.10925471688634,159.9244554621763,0.0,315.6440877071368,128.89488642859652,0.0,139.12799168910374,0.0,111.46402751367519,142.10925471688634,168.54595824628942,105.94347917709659,169.535534529998,227.06582470906926
"final","09-2017",147.946778921008,160.09018028648944,279.466560743085,315.9711800260042,114.6919611191933,0.0,185.6962210316742,0.0,111.57953427793805,147.946778921008,168.72061727037885,121.20373161814987,148.49731664402157,227.3011260818248
"final","10-2017",89.62625030893071,168.10339932150413,0.0,0.0,60.21639960828158,0.0,48.747783812721885,0.0,117.16458169554976,89.62625030893071,93.2451724791911,79.54407032883203,96.52825728272192,119.33927457506036
"final","11-2017",84.89831301120579,102.36578065806448,148.9150917267129,0.0,106.9497787631351,250.95774700373428,0.0,0.0,118.9113755695309,84.89831301120579,94.63535450952692,96.87598095928875,75.35952804894997,96.89479256497447
"final","12-2017",152.99253404238792,299.4297254540759,163.3465966790291,0.0,100.55518698972278,0.0,0.0,0.0,130.43519149389488,152.99253404238792,124.56786942465406,265.66081392681997,140.52657722852953,239.14116051128389
"final","01-2018",177.84944460762713,333.5752204619968,181.97384015997102,205.74371708845754,130.69234098518064,0.0,483.6622221202851,0.0,0.0,177.84944460762713,173.46622167687573,217.03400997413306,184.17827975256193,355.21552496997725
"final","02-2018",114.18804555159424,188.9749528764065,0.0,0.0,101.53921328442344,277.97215891361634,109.6005218933123,0.0,131.7116215023978,114.18804555159424,125.78688221413081,143.0722948153084,125.207436051971,134.15632212168865
"final","03-2018",140.8834864355165,113.24644396564126,164.7435742926555,0.0,135.22021072696583,0.0,383.13316220799004,200.35649738171392,131.5507032110082,140.8834864355165,177.98037014568143,160.75968373604636,150.0653570763391,267.98483404882217
"final","04-2018",136.2912220025464,161.44953518114937,0.0,199.1588430601529,90.36393082954078,0.0,526.7053166754051,0.0,281.31744109264594,136.2912220025464,100.74863769763415,133.69222845862217,160.45525116522995,257.8850790360089
