"newspaper","date","epu_news_std","epu_cat2_news_std","epu_cat3_news_std","epu_cat4_news_std","epu_cat5_news_std","epu_cat6_news_std","epu_cat7_news_std","epu_cat8_news_std","epu_cat9_news_std","epu_cat10_news_std","epu_cat11_news_std","epu_cat12_news_std","epu_cat13_news_std","epu_cat14_news_std"
"el_pais","01-2000",0.0,0.0,0.0,0.0,0.0,0.0,0.0,0.0,0.0,0.0,0.0,0.0,0.0,0.0
"el_pais","02-2000",0.0,0.0,0.0,0.0,0.0,0.0,0.0,0.0,0.0,0.0,0.0,0.0,0.0,0.0
"el_pais","03-2000",0.0,0.0,0.0,0.0,0.0,0.0,0.0,0.0,0.0,0.0,0.0,0.0,0.0,0.0
"el_pais","04-2000",0.0,0.0,0.0,0.0,0.0,0.0,0.0,0.0,0.0,0.0,0.0,0.0,0.0,0.0
"el_pais","05-2000",0.0,0.0,0.0,0.0,0.0,0.0,0.0,0.0,0.0,0.0,0.0,0.0,0.0,0.0
"el_pais","06-2000",4.475694122971627,0.0,0.0,0.0,0.0,0.0,0.0,0.0,0.0,4.475694122971627,0.0,6.583041544158188,4.721531801710409,8.672891671625697
"el_pais","07-2000",0.0,0.0,0.0,0.0,0.0,0.0,0.0,0.0,0.0,0.0,0.0,0.0,0.0,0.0
"el_pais","08-2000",0.0,0.0,0.0,0.0,0.0,0.0,0.0,0.0,0.0,0.0,0.0,0.0,0.0,0.0
"el_pais","09-2000",0.0,0.0,0.0,0.0,0.0,0.0,0.0,0.0,0.0,0.0,0.0,0.0,0.0,0.0
"el_pais","10-2000",0.0,0.0,0.0,0.0,0.0,0.0,0.0,0.0,0.0,0.0,0.0,0.0,0.0,0.0
"el_pais","11-2000",1.8074918573539267,0.0,0.0,0.0,1.5774248616691757,0.0,0.0,0.0,6.61880775131821,1.8074918573539267,2.271638662565618,0.0,1.9067724583830499,0.0
"el_pais","12-2000",1.0560626582292605,0.0,0.0,0.0,1.3824622383168055,0.0,0.0,0.0,0.0,1.0560626582292605,1.3272495556563162,0.0,1.1140693015271752,0.0
"el_pais","01-2001",4.819978286277138,0.0,0.0,0.0,0.0,0.0,8.177515222128605,0.0,0.0,4.819978286277138,6.057703100174982,7.0894293552472805,5.084726555688133,0.0
"el_pais","02-2001",0.0,0.0,0.0,0.0,0.0,0.0,0.0,0.0,0.0,0.0,0.0,0.0,0.0,0.0
"el_pais","03-2001",0.0,0.0,0.0,0.0,0.0,0.0,0.0,0.0,0.0,0.0,0.0,0.0,0.0,0.0
"el_pais","04-2001",0.0,0.0,0.0,0.0,0.0,0.0,0.0,0.0,0.0,0.0,0.0,0.0,0.0,0.0
"el_pais","05-2001",0.0,0.0,0.0,0.0,0.0,0.0,0.0,0.0,0.0,0.0,0.0,0.0,0.0,0.0
"el_pais","06-2001",0.0,0.0,0.0,0.0,0.0,0.0,0.0,0.0,0.0,0.0,0.0,0.0,0.0,0.0
"el_pais","07-2001",0.0,0.0,0.0,0.0,0.0,0.0,0.0,0.0,0.0,0.0,0.0,0.0,0.0,0.0
"el_pais","08-2001",0.0,0.0,0.0,0.0,0.0,0.0,0.0,0.0,0.0,0.0,0.0,0.0,0.0,0.0
"el_pais","09-2001",0.0,0.0,0.0,0.0,0.0,0.0,0.0,0.0,0.0,0.0,0.0,0.0,0.0,0.0
"el_pais","10-2001",4.819978286277138,0.0,0.0,0.0,0.0,0.0,8.177515222128605,14.686349954706683,0.0,4.819978286277138,6.057703100174982,0.0,5.084726555688133,9.340037184827676
"el_pais","11-2001",0.5496466466807262,0.0,0.0,0.0,0.7195271298841853,0.0,0.0,0.0,0.0,0.5496466466807262,0.0,0.0,0.5798372388065414,0.0
"el_pais","12-2001",1.5863219676355136,3.001499934778207,0.0,0.0,2.0766099444758765,11.480399890514063,0.0,0.0,0.0,1.5863219676355136,1.9936744380322724,2.3332299143851807,1.6734543094669803,3.073936288677462
"el_pais","01-2002",0.0,0.0,0.0,0.0,0.0,0.0,0.0,0.0,0.0,0.0,0.0,0.0,0.0,0.0
"el_pais","02-2002",0.0,0.0,0.0,0.0,0.0,0.0,0.0,0.0,0.0,0.0,0.0,0.0,0.0,0.0
"el_pais","03-2002",0.0,0.0,0.0,0.0,0.0,0.0,0.0,0.0,0.0,0.0,0.0,0.0,0.0,0.0
"el_pais","04-2002",0.0,0.0,0.0,0.0,0.0,0.0,0.0,0.0,0.0,0.0,0.0,0.0,0.0,0.0
"el_pais","05-2002",0.0,0.0,0.0,0.0,0.0,0.0,0.0,0.0,0.0,0.0,0.0,0.0,0.0,0.0
"el_pais","06-2002",0.0,0.0,0.0,0.0,0.0,0.0,0.0,0.0,0.0,0.0,0.0,0.0,0.0,0.0
"el_pais","07-2002",6.962190857955865,13.173249713748797,0.0,0.0,9.114010311866348,0.0,0.0,0.0,0.0,6.962190857955865,0.0,10.240286846468294,7.344605024882858,0.0
"el_pais","08-2002",0.0,0.0,0.0,0.0,0.0,0.0,0.0,0.0,0.0,0.0,0.0,0.0,0.0,0.0
"el_pais","09-2002",0.0,0.0,0.0,0.0,0.0,0.0,0.0,0.0,0.0,0.0,0.0,0.0,0.0,0.0
"el_pais","10-2002",1.4459934858831414,0.0,13.95437887712622,0.0,0.6309699446676703,0.0,0.8177515222128605,0.0,0.0,1.4459934858831414,1.8173109300524946,2.126828806574184,1.5254179667064398,0.9340037184827674
"el_pais","11-2002",1.6393530799256544,2.0678938504140554,0.0,2.7543979606960742,0.47689588841161124,0.0,1.854204032924509,1.1100148221580632,0.0,1.6393530799256544,1.8313986116808085,1.0716579257931935,1.7293982762078823,0.35296652151965047
"el_pais","12-2002",0.2286851011737328,0.21634899164915908,0.0,0.0,0.0,0.8275105760498275,0.19399214943005813,0.0,0.0,0.2286851011737328,0.14370463558809263,0.0,0.24124615045235664,0.0
"el_pais","01-2003",0.70517367210807,0.7624388901848179,0.0,2.2849989513170006,0.2637494945556178,0.0,0.34182539513720855,0.0,1.1066816818924337,0.70517367210807,0.7596476556489528,0.8890281185036784,0.6376345198451356,0.780839121561156
"el_pais","02-2003",0.4122349850105447,0.19499876221009732,0.0,0.0,0.0,0.0,0.3496963746304995,0.31401735100524153,0.0,0.4122349850105447,0.3885697712283294,0.30316638690202186,0.4348779291049061,0.3994094848774992
"el_pais","03-2003",0.10139112899935727,0.0,0.0,0.0,0.13272830551261672,0.0,0.17201892862082827,0.0,0.0,0.10139112899935727,0.12742741149235398,0.14913039096798486,0.106960267352663,0.0
"el_pais","04-2003",0.3286348831552594,0.0,0.0,0.0,0.14340226015174323,0.0,0.185852618684741,0.0,0.0,0.3286348831552594,0.13767507045852231,0.1611233944374382,0.3466859015241909,0.0
"el_pais","05-2003",0.28395642472025434,0.1790925187669776,0.0,0.0,0.12390648460241259,0.685008754796534,0.16058564635599978,0.0,1.0398126980922866,0.28395642472025434,0.11895791586446339,0.2784368024719476,0.29955337714779035,0.18341462749661597
"el_pais","06-2003",0.1126973340316597,0.0,0.0,0.0,0.14752894389711715,0.0,0.19120089548142422,0.0,1.2380503707501687,0.1126973340316597,0.1416369429897028,0.16576003888168103,0.11888749140997433,0.0
"el_pais","07-2003",0.08850242616045592,0.1674565641578237,0.0,0.0,0.0,0.6405025362645558,0.15015211566055348,0.0,0.9722542459563471,0.08850242616045592,0.0,0.13017313787883425,0.09336362319766345,0.1714978579135025
"el_pais","08-2003",0.20212812168258965,0.0,1.4629590758277489,0.0,0.13230014968838247,0.0,0.0,0.0,0.0,0.20212812168258965,0.1270163553262496,0.29729865038133757,0.10661523423217052,0.0
"el_pais","09-2003",0.0,0.0,0.0,0.0,0.0,0.0,0.0,0.0,0.0,0.0,0.0,0.0,0.0,0.0
"el_pais","10-2003",0.0916077744467877,0.17333223307564208,0.0,0.0,0.0,0.0,0.0,0.0,0.0,0.0916077744467877,0.11513178406765316,0.0,0.09663953980109023,0.17751532661222186
"el_pais","11-2003",0.19955324115160125,0.0,0.0,0.0,0.0,0.0,0.0,0.0,0.0,0.19955324115160125,0.25079662516648016,0.1467557032137176,0.21051415676415838,0.0
"el_pais","12-2003",0.2447645223500109,0.23156103012449059,0.0,0.0,0.16020721251327566,0.0,0.0,0.0,0.0,0.2447645223500109,0.3076177355557608,0.36001008444615096,0.258208770406038,0.23714938164601518
"el_pais","01-2004",0.0,0.0,0.0,0.0,0.0,0.0,0.0,0.0,0.0,0.0,0.0,0.0,0.0,0.0
"el_pais","02-2004",0.19459539665094033,0.3681964205706185,0.0,0.0,0.0,0.0,0.0,0.0,0.0,0.19459539665094033,0.24456565311265452,0.0,0.20528399137871342,0.3770822465924216
"el_pais","03-2004",0.6063843650477689,0.7648983704757366,0.0,0.0,0.0,0.0,0.0,0.0,2.2205032456035285,0.6063843650477689,0.5080654213049984,0.5945973007626751,0.4264609369286821,0.3916789787185799
"el_pais","04-2004",0.08900528085454942,0.16840802190872042,0.0,0.0,0.0,0.0,0.15100525268135206,0.0,0.0,0.08900528085454942,0.11186099474754939,0.13091275798041854,0.09389409832946836,0.0
"el_pais","05-2004",0.21026750913289527,0.0,0.0,0.0,0.0,0.0,0.0,0.0,0.0,0.21026750913289527,0.26426221577944553,0.30927040811481427,0.22181693028169705,0.0
"el_pais","06-2004",0.0,0.0,0.0,0.0,0.0,0.0,0.0,0.0,0.0,0.0,0.0,0.0,0.0,0.0
"el_pais","07-2004",0.37975586497941083,0.1796352233693018,0.0,0.7178128018783708,0.0,0.0,0.16107226952677553,0.0,0.0,0.37975586497941083,0.23863678879477201,0.4189208255373393,0.400614819539065,0.18397042939812086
"el_pais","08-2004",0.3560211234181977,0.0,0.0,0.0,0.0,0.0,0.4026806738169389,0.0,0.0,0.3560211234181977,0.44744397899019756,0.17455034397389138,0.37557639331787346,0.22996303674765106
"el_pais","09-2004",0.36571819681869333,0.0,1.7646588074186853,0.0,0.0,0.0,0.0,0.0,0.0,0.36571819681869333,0.15321038969314157,0.3586092669969442,0.2572040670192441,0.0
"el_pais","10-2004",0.5992049508896442,0.16196618500510818,0.0,0.0,0.11205750383442231,0.6195024531083408,0.0,0.0,0.9403770575643358,0.5992049508896442,0.21516431776577805,0.25181033229020394,0.36121008319096026,0.16587497732617454
"el_pais","11-2004",0.2962634407640794,0.0,0.0,0.0,0.09695755650921646,0.0,0.0,0.0,0.0,0.2962634407640794,0.2792558166747332,0.2178784435418786,0.31253638403756845,0.28704606005380556
"el_pais","12-2004",1.1822588249359016,1.0066351196355212,0.8556930443520795,1.3408201393577115,0.6964479577935605,1.2834220632319966,0.10029028102610553,0.36023122530412616,0.0,1.1822588249359016,1.4115591186256797,1.043349980583562,0.9977576637576714,0.8018333809616212
"el_pais","01-2005",0.7965218354441033,0.0,1.281122354538424,0.0,0.3475681898593099,0.6405025362645558,0.6006084626422139,0.0,0.9722542459563471,0.7965218354441033,0.7786030820846376,0.6508656893941712,0.7469089855813076,0.68599143165401
"el_pais","02-2005",0.5726083864898428,0.15477708540958118,0.0,0.0,0.10708367207153673,0.5920049551896939,0.27756579082943045,0.0,0.0,0.5726083864898428,0.5140348583699397,0.24063337237131763,0.5177658894826035,0.3170247608427148
"el_pais","03-2005",0.19161993187034493,0.18128325294149722,0.0,0.0,0.0,0.0,0.16254999677014045,0.0,1.0525321194756785,0.19161993187034493,0.24082611713233873,0.1409213786211233,0.20214509242796858,0.18565823150269078
"el_pais","04-2005",0.4280035363497458,0.16196618500510818,1.2391183429142134,0.647208263988695,0.5602875191721115,0.0,0.0,0.0,0.0,0.4280035363497458,0.5379107944144451,0.25181033229020394,0.4515126039887003,0.3317499546523491
"el_pais","05-2005",0.34054194413914557,0.0,0.0,0.0,0.2971959884304244,0.0,0.19258640921679684,0.0,1.2470217502483583,0.34054194413914557,0.28532659529809695,0.5008835957511666,0.23949798994183233,0.0
"el_pais","06-2005",0.5221643143466899,0.39519749141246396,0.0,0.0,0.4101304640339857,0.7557929927921758,0.1771794964794531,0.0,0.0,0.5221643143466899,0.3937507015113738,0.6144172107880976,0.33050722611972866,0.0
"el_pais","07-2005",0.4596067314542992,0.0,0.0,0.0,0.20055279414864824,0.5543713883561192,0.0,0.0,0.0,0.4596067314542992,0.2888146954851153,0.5633409634365198,0.4040430637160497,0.0
"el_pais","08-2005",0.6866818380449621,0.0,1.242513187689321,0.0,0.5618225534712132,0.0,0.14562698340776967,0.0,0.0,0.6866818380449621,0.21575380904732813,0.37875033541732045,0.452749624821546,0.166329429318849
"el_pais","09-2005",0.668370322363763,0.3161579931299711,1.2093795026842724,0.6316752656529663,0.32810437122718855,1.2092687884674813,0.42523079155068744,0.0,0.9178080081827917,0.668370322363763,0.7350013094878979,0.3686503264728586,0.7050820823887544,0.48568193361103906
"el_pais","10-2005",0.6810838882782911,0.28637499377714776,0.0,0.5721696246856579,0.3962613179072325,1.0953521634669214,0.12839093947786456,0.0,0.8313478334989055,0.6810838882782911,0.7608709207949252,0.5565373286124072,0.718493969825497,0.14664309589705285
"el_pais","11-2005",0.787182383437221,0.29788755634105324,1.1394907374537742,0.0,0.10304785528492102,0.0,0.1335523842809948,0.23985244900902872,0.8647688519310224,0.787182383437221,0.8903910335684333,0.3473464131339748,0.8304201661299715,0.45761488719633076
"el_pais","12-2005",0.859136897462561,0.32511676624425734,0.0,0.43304977078585444,0.22493444096927914,0.0,0.2915201953044018,0.0,1.887630729809215,0.859136897462561,1.0077714481095492,0.7581930846105409,0.8459051491181354,0.4439505791691399
"el_pais","01-2006",0.17167045951124052,0.0,1.242513187689321,0.0,0.11236451069424265,0.0,0.0,0.0,0.0,0.17167045951124052,0.21575380904732813,0.1262501118057735,0.18109984992861844,0.0
"el_pais","02-2006",0.404778538253248,0.0,0.0,0.0,0.21195372818293834,0.0,0.27469689376659395,0.0,0.0,0.404778538253248,0.10174436731560048,0.2381462057318208,0.42701192005132893,0.3137480191285782
"el_pais","03-2006",0.404778538253248,0.15317732225289302,0.0,0.0,0.10597686409146917,0.0,0.0,0.0,0.0,0.404778538253248,0.3052331019468014,0.4762924114636416,0.42701192005132893,0.0
"el_pais","04-2006",0.2270279627594304,0.0,0.0,0.0,0.0,0.0,0.0,0.0,0.0,0.2270279627594304,0.14266329764904848,0.1669611985837222,0.11974899497091616,0.0
"el_pais","05-2006",0.8102549705379671,0.0,0.7819264025975899,0.0,0.07071214897137684,0.781854820129837,1.1913793728790811,0.0,0.0,0.8102549705379671,0.7467685718319158,0.635604011160101,0.7407920585442194,0.5233641525981024
"el_pais","06-2006",0.6167295051338857,0.0,0.0,0.0,0.4844060598826602,0.0,0.4185342436522514,0.0,1.3550315081438853,0.6167295051338857,0.46505988367485096,0.5442672142807952,0.6506047758262374,0.2390166996117318
"el_pais","07-2006",0.23438797152719248,0.2956589711315191,0.0,0.0,0.20455384739849658,0.0,0.13255323926143622,0.0,0.0,0.23438797152719248,0.19638438978123382,0.3447478115394563,0.1648415092866477,0.15139711147476279
"el_pais","08-2006",0.460733218541197,0.1601190316347018,0.13610963790714348,0.2132757124428533,0.22155907420803547,0.13609717757362108,0.14357282127686777,0.028649842348617473,0.9296524692727858,0.460733218541197,0.3781519342246087,0.3595778994708254,0.4066865627523672,0.23686468851078585
"el_pais","09-2006",0.31294094181736554,0.05075310249303903,0.0,0.0,0.16386491142910384,0.06470830417741232,0.045508432314928016,0.0,0.39289726377688,0.31294094181736554,0.2921666164182568,0.3024742262013323,0.2829685155134663,0.2425637510899881
"el_pais","10-2006",0.22500616820454897,0.06811792440318253,0.0,0.0680489010686189,0.11781972537603724,0.1302717022910961,0.07634853338672211,0.0,0.1977466262962062,0.22500616820454897,0.1922942236625497,0.18533124714952673,0.19938672072721347,0.13952368101437493
"el_pais","11-2006",0.3328304827258745,0.18229685793418102,0.12678705996829806,0.06622259564435627,0.16052072956320376,0.0,0.10401927386269262,0.0,0.4810986903390368,0.3328304827258745,0.286204032409721,0.16747463810969954,0.314152800896583,0.11880673522774927
"el_pais","12-2006",0.25492870565747483,0.06653156421085252,0.25449905359517516,0.0,0.12658347655369928,0.06361893878722019,0.014914099030256997,0.0,0.5794242475901462,0.25492870565747483,0.14362399325611278,0.10343724087341712,0.17619633266764434,0.03406859803668905
"el_pais","01-2007",0.2140144798926142,0.017606065848491115,0.13469477680623762,0.0,0.08526620873887436,0.2693648919960234,0.031573417846056384,0.028352026939588187,0.10222096913232755,0.2140144798926142,0.10524966776365799,0.12317541350815737,0.12760896761379484,0.03606191963253928
"el_pais","02-2007",0.17965513204664704,0.07553950138498833,0.14447827763829313,0.0754629578272897,0.09145948544880216,0.144465051186781,0.06773348065477659,0.0,0.0,0.17965513204664704,0.13798208718143076,0.11744196447048696,0.1684649766777846,0.07736252526458093
"el_pais","03-2007",0.37219259303537644,0.12427594069574338,0.9507700492800883,0.0,0.14330204892871617,0.1584471683002465,0.07428909705637446,0.0,0.4810314508295554,0.37219259303537644,0.30267349522188064,0.28981943905098945,0.3002511488159659,0.2969753262820819
"el_pais","04-2007",0.21756846431112078,0.0,0.0,0.0,0.0,0.0,0.0,0.0,0.0,0.21756846431112078,0.27343798716067624,0.0,0.22951890702758931,0.42159890070402695
"el_pais","05-2007",0.6393848747102325,0.0,0.0,0.0,0.0,0.0,0.0,0.0,0.0,0.6393848747102325,0.8035728602272935,0.9404345063083126,0.6745045431014869,0.0
"el_pais","06-2007",0.1832155488935754,0.34666446615128416,0.0,0.0,0.0,0.0,0.0,0.0,2.0127368600499818,0.1832155488935754,0.23026356813530632,0.2694812328017972,0.19327907960218046,0.0
"el_pais","07-2007",0.4371608213135078,0.2757191800552074,0.0,0.0,0.0,0.0,0.24722720438993456,0.0,0.0,0.4371608213135078,0.0,0.0,0.3074485824369569,0.0
"el_pais","08-2007",0.46673905193000215,0.3311710821892156,0.8445387588577321,0.0,0.4582463285295929,0.4222307222302658,0.0,0.3555354737638489,0.0,0.46673905193000215,0.43994491788980317,0.34324983842910484,0.307734847411293,0.11305445382007427
"el_pais","09-2007",0.3064044876361995,0.21740693292861707,0.0,0.0,0.2506909926858103,0.2771856941780596,0.12996051086512453,0.0,1.262266514921321,0.3064044876361995,0.2888146954851153,0.2816704817182599,0.28283014460123473,0.2968715975617598
"el_pais","10-2007",0.41359549651222965,0.1956423224814178,0.0,0.0,0.27071317758018854,0.24943663128454646,0.17542524403906248,0.0,1.1359010002262273,0.41359549651222965,0.3465352708570947,0.40555591471161556,0.327234877346266,0.13357588933196893
"el_pais","11-2007",0.7186968472741188,0.35255511128554556,0.7706326482695024,0.4025118515205818,0.24391786306184365,0.0,0.04516044940003053,0.0811055859860607,0.2924197137370832,0.7186968472741188,0.6690751087703888,0.39151479022181246,0.7020119501268662,0.257902471118861
"el_pais","12-2007",0.6094225419430864,0.26206730199765516,0.0,0.0,0.2901011239851357,1.403329164335605,0.18798885568111734,0.0,0.6086260001212146,0.6094225419430864,0.6614733270306015,0.6111577030385587,0.5552287618280144,0.4831053716290176
"el_pais","01-2008",0.4420958446961627,0.2230653761500267,0.0,0.0,0.23149414714994487,0.0,0.20001448332581723,0.08980364506640963,0.9713396135518728,0.4420958446961627,0.3333731245157445,0.3468018122980796,0.404195102498257,0.2855608734777981
"el_pais","02-2008",0.6237618958711589,0.32188030974770815,0.4104229081507712,0.0,0.2598111536866877,0.0,0.09620606143680711,0.0,0.6229466118887727,0.6237618958711589,0.46323611942514564,0.29191767933371154,0.5383828117787435,0.16482418561460602
"el_pais","03-2008",0.5706218873172847,0.2056535081070931,0.7866735706966212,0.0,0.3557072541491636,0.0,0.09220095220092962,0.0,0.8955195222945713,0.5706218873172847,0.5122515631110675,0.39966427414663763,0.5446346310732735,0.31592493513293957
"el_pais","04-2008",0.5357941659362975,0.42685597632309336,0.40820640279622156,0.0,0.40606976637028286,0.0,0.23921624187144883,0.0,0.0,0.5357941659362975,0.6024988231947214,0.45625040405056755,0.5057266286260473,0.21857872799776734
"el_pais","05-2008",0.4659734038789359,0.25931593924702356,0.0,0.0,0.25117351253174974,0.19837086424991493,0.04650380485025016,0.0,0.30111811292086343,0.4659734038789359,0.378937682994323,0.3628448095205301,0.4626522850319911,0.0
"el_pais","06-2008",0.6156522483563593,0.47458214034247853,0.0,0.34480090919921746,0.4178913025091557,0.0,0.19342739790333308,0.0,0.0,0.6156522483563593,0.6591168948152546,0.5366089177188625,0.6254139650009422,0.486035413912066
"el_pais","07-2008",0.2302054010065883,0.08296658322165093,0.0,0.165765027725586,0.18655339511692842,0.0,0.05579480295014268,0.03340142571924193,0.3612785196660744,0.2302054010065883,0.20665712115712412,0.1612361469877793,0.21972138895293364,0.06372663579571015
"el_pais","08-2008",0.08812899820197298,0.08337499818828353,0.0,0.0,0.0,0.0,0.07475928121495912,0.0,0.0,0.08812899820197298,0.11075969100179292,0.06481194206625503,0.09296968385927669,0.08538711912992951
"el_pais","09-2008",0.3154012636993429,0.0,0.0,0.0,0.13762767249462607,0.0,0.1783686206168991,0.0,0.0,0.3154012636993429,0.13213110788972277,0.15463520405740713,0.22181693028169705,0.20372564329322107
"el_pais","10-2008",1.1497195912220697,0.5438497588244917,0.8915805639055087,0.0,0.3762664807651245,1.040082100172719,0.5573142746404816,0.25022614601728294,1.3532555821830152,1.1497195912220697,1.1095203253597035,0.6643436420710099,0.9096529159258586,0.7956781350115318
"el_pais","11-2008",0.5477248052587657,0.2072714115799636,0.0,0.0,0.14340226015174323,0.0,0.0,0.0,0.0,0.5477248052587657,0.27535014091704463,0.1611233944374382,0.23112393434946057,0.21227357238244715
"el_pais","12-2008",0.8622896934165521,0.27192487941224586,0.0,0.0,0.0,0.0,0.9752999806208428,0.0,7.8939908960675895,0.8622896934165521,0.18061958784925405,1.056910339658425,0.9096529159258586,1.1139493890161447
"el_pais","01-2009",0.2131282915700775,0.0,0.0,0.0,0.0,0.0,0.361590809141741,0.0,0.0,0.2131282915700775,0.26785762007576447,0.0,0.22483484770049567,0.0
"el_pais","02-2009",0.26327612488068397,0.0,0.0,0.0,0.34464744876805514,0.0,0.446670999528033,0.0,0.0,0.26327612488068397,0.3308829424465326,0.38723773789165816,0.27773716480649463,0.5101700983309233
"el_pais","03-2009",0.5448671106226329,0.515474988798866,0.0,0.0,0.0,0.0,0.9244147642406249,0.0,0.0,0.5448671106226329,0.6847838287154328,0.0,0.5747951758603976,0.5279151452293903
"el_pais","04-2009",0.0,0.0,0.0,0.0,0.0,0.0,0.0,0.0,0.0,0.0,0.0,0.0,0.0,0.0
"el_pais","05-2009",0.4095406387032862,0.38744852099261173,0.0,0.0,0.2680591268195985,1.481947044690541,0.0,0.0,0.0,0.4095406387032862,0.2573533996806365,0.3011849072490675,0.4320355896989917,0.0
"el_pais","06-2009",0.0,0.0,0.0,0.0,0.0,0.0,0.0,0.0,0.0,0.0,0.0,0.0,0.0,0.0
"el_pais","07-2009",0.027055145821072015,0.017063794965995853,0.0,0.0,0.011805712839205115,0.13053419564631707,0.0,0.0,0.0,0.027055145821072015,0.02266843416876073,0.026529240534891956,0.019027474157727615,0.017475602101721326
"el_pais","08-2009",0.8951388245943256,0.0,0.0,0.0,0.0,0.0,0.0,0.0,7.375242922897433,0.8951388245943256,0.8437515032386582,0.32915207720790945,0.9443063603420817,0.4336445835812849
"el_pais","09-2009",0.2874298978055174,0.0,0.0,0.0,0.0,0.0,0.0,0.0,0.0,0.2874298978055174,0.0,0.42276413586336997,0.3032176386419529,0.5569746945080724
"el_pais","10-2009",0.36714678352501634,0.46312206024898117,0.0,0.9253055649213374,0.16020721251327566,0.0,0.2076322224368591,0.37289560431872437,0.0,0.36714678352501634,0.3076177355557608,0.18000504222307548,0.258208770406038,0.0
"el_pais","11-2009",0.21062089990454722,0.09962961968381444,0.0,0.0,0.1378589795072221,0.3810720972061391,0.0893341999056066,0.0,1.1569008506505778,0.21062089990454722,0.1985297654679196,0.07744754757833164,0.16664229888389678,0.0
"el_pais","12-2009",0.41773145147735197,0.0,0.0,0.0,0.0,0.5038619951947839,0.1181196643196354,0.0,2.2945200204569796,0.41773145147735197,0.08750015589141641,0.10240286846468294,0.36723025124414294,0.13491164822528862
"el_pais","01-2010",0.15625864768479497,0.0,0.0,0.0,0.0,0.0,0.0,0.0,0.0,0.15625864768479497,0.09819219489061691,0.2298318743596375,0.08242075464332385,0.30279422294952557
"el_pais","02-2010",0.5703745436296743,0.46251982089885246,1.769248297164898,0.308034102236492,0.47999664191233693,0.5896954430108003,0.0,0.49654759274690996,1.342697021073655,0.5703745436296743,0.6144354249852387,0.2996182757419202,0.5587248295912187,0.31578799324514895
"el_pais","03-2010",0.4689430050440694,0.3380163860976171,0.6464965267378505,0.16883693843183348,0.11692956921852764,0.8080466779674012,0.1136575529804047,0.0,0.4906315082944361,0.4689430050440694,0.5051683982326963,0.2956034335580655,0.49470076610935865,0.21635866607761897
"el_pais","04-2010",0.7363855715145627,0.31666465658049997,0.0,0.7592250789098153,0.39435621541729393,0.9689653753745845,0.28394150076835434,0.407954165408519,0.0,0.7363855715145627,0.7151455048817688,0.6400179279042684,0.7062120216233517,0.3891682160344864
"el_pais","05-2010",0.54857729522804,0.2883250180538404,0.4411647018546713,0.0,0.4388555549001792,0.0,0.0,0.650028135154819,1.3392140197219724,0.54857729522804,0.4979337665027101,0.4482615837461802,0.48225762566108266,0.5315098981638317
"el_pais","06-2010",0.40269741466325704,0.15238977817961333,0.2914635690916466,0.4567060885987064,0.2635799897390653,0.14571844334039377,0.2732845704053261,0.0,0.2211940893756728,0.40269741466325704,0.3795797251073655,0.3257674800129695,0.3398531888120603,0.31213491877316135
"el_pais","07-2010",0.5728888477403684,0.06774814138499383,0.0,0.0,0.09374410606491101,0.1295645130500873,0.09112088390371872,0.10909859966353536,1.770058301495384,0.5728888477403684,0.3375006012954633,0.2369894955896948,0.49103930737788254,0.24284096680551953
"el_pais","08-2010",0.2946959093314652,0.2787989357407153,0.0,0.27851643106391816,0.09644455356472326,0.0,0.15624294222173996,0.0,0.40467725228518153,0.2946959093314652,0.231481893892636,0.1354535297151891,0.23316206428199548,0.214145473373474
"el_pais","09-2010",0.6518001149958682,0.20554654546418027,0.0,0.16427061346731095,0.08532533925811074,0.31447697342254194,0.07372239798035496,0.0,1.4320860044461035,0.6518001149958682,0.4915057300419368,0.4473911729039545,0.48132120308698345,0.25260849529006885
"el_pais","10-2010",0.60039799210595,0.2581865144245191,0.0,0.0,0.1429026007087058,0.0,0.13890378643859563,0.0,0.0,0.60039799210595,0.27439073276053927,0.4014049722047676,0.3166881086513079,0.26441742901297854
"el_pais","11-2010",0.5515820221972076,0.15654830205599363,0.3992229872417272,0.2085195639259352,0.32492730425227734,0.19959321992751122,0.28074215991462637,0.0,0.3029735942504814,0.5515820221972076,0.48525614622880575,0.3245161324585023,0.5236910273023869,0.48097902756374905
"el_pais","12-2010",0.8153917221029392,0.11867792534908826,0.0,0.4742306799196444,0.45159510554292714,1.3617891762021186,0.3192423359990146,0.0,0.0,0.8153917221029392,0.6700462388081437,0.46127418227334654,0.4962570962758688,0.12154202542818796
"el_pais","01-2011",0.4737974874979417,0.5602989008683326,1.7146212230873428,0.22389246183351832,0.3876469414309883,0.21430803198265855,0.1507197985174932,0.09022804792589172,0.0,0.4737974874979417,0.48381466159242525,0.13066528584813042,0.4998218920525197,0.286910405015973
"el_pais","02-2011",0.3294727031250625,0.22669072165150894,0.0,0.0,0.0,0.0,0.30489779508892506,0.0,0.6580841358863229,0.3294727031250625,0.3387912345700157,0.30838339929612935,0.3159724915102568,0.4062826882501522
"el_pais","03-2011",0.33912420082466127,0.2467927714898817,0.0,0.19723415871762062,0.1365963244076555,0.37758184485870566,0.08851598491896075,0.07948482490057739,0.5731523781324678,0.33912420082466127,0.426208086565184,0.3453219128076319,0.3577513688223541,0.1516492298952037
"el_pais","04-2011",0.7654304186716432,0.5992885295218493,0.0,0.19956042512204075,0.17275925190985073,0.7640704223678272,0.447799906856242,0.0,2.029693362662029,0.7654304186716432,0.49757881404133175,0.42703807826468454,0.6404099579405019,0.2557297460041275
"el_pais","05-2011",0.42381702933446214,0.2467414098308828,0.9438445650501607,0.0,0.08535493528282741,0.7078186196804976,0.0,0.0,0.0,0.42381702933446214,0.3687571606245956,0.3836111617823711,0.34392011042635656,0.0631740288255774
"el_pais","06-2011",1.7017999915484283,0.36950789490924946,0.403844446577562,0.21093341462142687,0.3652096741175295,0.6057112141700429,0.3313240806828598,0.5950391121452842,0.30648085758552707,1.7017999915484283,1.0518718651238836,0.7386137440462438,1.0595066910338584,0.3243646039254491
"el_pais","07-2011",0.8303759153650799,0.25478348300230486,0.324869135749715,0.5090506259739163,0.29378973068337083,0.3248393951828836,0.22845493815402262,0.34191000969052093,0.24654584747030578,0.8303759153650799,0.5923183905257056,0.33009520636896367,0.8759862010336646,0.39139840638425427
"el_pais","08-2011",0.7030937805386309,0.3192798404589027,2.035535518431787,0.42527508908413353,0.40497622121847776,0.0,0.23857203296156163,0.08569234713248962,0.6179138295665115,0.7030937805386309,0.5655306305369822,0.2895592779746421,0.5933702443801232,0.32698514381353616
"el_pais","09-2011",1.3796174838623512,0.4746166830413898,0.7262086685453997,0.5689629094152018,0.22985694541536425,0.18153554670748817,0.1702284994198108,0.07643016389559121,0.5511257054740543,1.3796174838623512,1.1664352246533891,0.3320509345732313,1.0849316469903023,0.48607079024323363
"el_pais","10-2011",0.750260864544377,0.2447548460440528,0.0,0.0,0.13546836136547832,0.1872319552746926,0.043892525965182436,0.0,1.4210487327355363,0.750260864544377,0.6828046847018042,0.22831357956617995,0.7095943748235297,0.1503969654039138
"el_pais","11-2011",0.8869402175414216,0.2467927714898817,1.1328492427308963,0.19723415871762062,0.20489448661148327,0.0,0.04425799245948037,0.07948482490057739,0.8597285671987016,0.8869402175414216,0.9179866479865502,0.46042921707684253,0.8530994179609981,0.20219897319360494
"el_pais","12-2011",0.8862023305051975,0.19726996243550612,0.0,0.0,0.2047240253081459,0.3772677168679746,0.22110586083126424,0.0,2.2907021834845054,0.8862023305051975,0.9172229319732502,0.30669744298906704,0.9073825675500037,0.2525384430173872
"el_pais","01-2012",0.9104403429634593,0.6586624856874399,0.0,0.0,0.5258082872230585,0.0,0.13629192036881008,0.08159083308170378,0.0,0.9104403429634593,1.0769249955866635,0.4332429050428893,0.8757029068129561,0.41511276377011885
"el_pais","02-2012",0.5245929855762095,0.3308630160662489,0.0,0.0,0.1526066842917156,0.21091897473270024,0.2966726452679215,0.0,0.9604967527494332,0.5245929855762095,0.21976783340169703,0.3857968532855497,0.36893829892434826,0.0
"el_pais","03-2012",0.5127194817874475,0.357413751923417,0.0,0.0,0.0,0.19529534697472242,0.09156563125553131,0.0,0.29644961504612133,0.5127194817874475,0.27131831284160124,0.43660137717500475,0.2846746133675527,0.0
"el_pais","04-2012",1.140650201242769,0.719412909124631,0.0,0.0,0.6470504893740064,0.5503347034894484,0.12901419646562118,0.0,0.0,1.140650201242769,1.0512761448119203,0.6710867593559319,1.0829727069457127,0.9578072113081777
"el_pais","05-2012",1.11530241899293,0.5755303272997047,0.0,0.0,0.13272830551261672,0.0,0.4300473215520706,0.0,0.0,1.11530241899293,0.8919918804464779,0.9693475412919016,0.9091622724976354,0.098236637057249
"el_pais","06-2012",0.8467529421838216,0.5572702581609362,0.0,0.5567055807752347,0.3855515525583884,0.0,0.1873813711298564,0.0,1.6177579462681404,0.8467529421838216,0.8791143747022447,0.4873462012714053,0.6214001901193488,0.21401965347137444
"el_pais","07-2012",1.5222972173743623,1.1149772484991145,1.4216843683592544,0.3712824837301918,0.9642565768824115,0.0,0.5831927000107391,0.44887746726768074,3.236783727917369,1.5222972173743623,1.234328217903993,1.011188199572888,1.450501932813856,1.1418854238504053
"el_pais","08-2012",0.6484834951782954,0.1533754817900895,0.0,0.0,0.5305698111694511,0.0,0.13752612922079155,0.2469890678023116,2.671498083326367,0.6484834951782954,0.5603179452296394,0.8345900017173382,0.5985900602427168,0.23561542704287147
"el_pais","09-2012",0.33931255083900425,0.142670574517135,0.0,0.0,0.2467692322707495,0.0,0.12792743428119357,0.0,0.0,0.33931255083900425,0.42644480308091026,0.22181126743252624,0.35795006438959776,0.3652842460973519
"el_pais","10-2012",0.45976732080840627,0.5592417331308451,0.0,0.0,0.0859812293572297,0.0,0.0,0.0,0.0,0.45976732080840627,0.16509463375738945,0.3864259187346526,0.3810879965741106,0.12727513983517796
"el_pais","11-2012",0.8429558437883784,0.4253246544349388,0.8134839704154299,0.0,0.33104701132788084,0.20335237474228945,0.1430148402076303,0.0,2.7781184104187644,0.8429558437883784,0.741593249483305,0.6199276790462869,0.829973303260305,0.2722432363290578
"el_pais","12-2012",0.9368647328647735,0.7299162110520442,0.0,1.6666893552848716,0.6132117756005062,0.7976707047938532,0.09349841502873515,0.16791780950851967,0.6054142534187281,0.9368647328647735,0.7965053768479857,1.0132209940436967,0.9592558014029063,0.42716089147848646
"el_pais","01-2013",1.1109879028652978,0.42042286320474886,0.4594906925092221,0.9599928049437179,0.6232985775592488,0.0,0.16156185089311834,0.38687446689196936,0.0,1.1109879028652978,1.0771295786025423,0.9804529959384537,1.0380672755533522,0.49207896009223817
"el_pais","02-2013",1.068063370254593,0.6736320876348817,0.0,0.8972660023479636,0.15535244849772184,0.21471391840686813,0.5536859264982908,0.0,0.0,1.068063370254593,0.7830269632328457,0.7418389618890383,0.9076429505181941,0.22996303674765106
"el_pais","03-2013",0.7189552783590788,0.31392563307256627,0.0,0.0,0.18099314388084095,0.0,0.3283997728215812,0.0,0.30377581912493107,0.7189552783590788,0.7645644689541239,0.20335962404725208,0.7584455321370649,0.3750853414913144
"el_pais","04-2013",0.37356747449286243,0.0,0.0,0.3765949517008941,0.22821249985992842,0.0,0.1267579863525499,0.07588336622066251,0.2735914173835826,0.37356747449286243,0.2190981645929743,0.2197835809655357,0.2364519105785022,0.04825933362589816
"el_pais","05-2013",0.35033388502493573,0.14204382678563,0.0,0.0,0.19654814570318802,0.0,0.0,0.0,0.0,0.35033388502493573,0.18869841925465197,0.33125528536898236,0.1847883852107109,0.09698121677536722
"el_pais","06-2013",0.48783517257303205,0.153839853923537,0.0,0.0,0.2483488969063927,0.1961400500325716,0.04598083818670928,0.0,0.0,0.48783517257303205,0.34061479369496006,0.23917624987425945,0.4288588574217932,0.3151050607338056
"el_pais","07-2013",0.463802499789806,0.13163498973768228,0.0,0.0,0.3642905676097578,0.0,0.0,0.0,0.0,0.463802499789806,0.23316103716439604,0.20465414126916648,0.36695843018474683,0.1348117876418502
"el_pais","08-2013",0.1900058825789842,0.0,0.0,0.0,0.16582094233180014,0.305576681721904,0.0,0.0,0.23192587807853565,0.1900058825789842,0.1061322645583218,0.031052082755463156,0.15589963496213613,0.040909866375592914
"el_pais","09-2013",0.2591028989177234,0.0,0.0,0.16325170545820977,0.11306146493011321,0.0,0.0,0.0,0.47440110691736304,0.2591028989177234,0.16281903577313872,0.09527489484998068,0.2050010361872886,0.12552083053352145
"el_pais","10-2013",0.3713668614965682,0.06387890486192843,0.0,0.0,0.13258527932133157,0.12216481564528704,0.0,0.0,0.0,0.3713668614965682,0.29701022743314837,0.17379797180159012,0.32053502533163336,0.16355129768690702
"el_pais","11-2013",0.3530648388821035,0.07031983832961992,0.537980205820406,0.14049716762743913,0.12162825149287831,0.0,0.031526600797055715,0.0,0.0,0.3530648388821035,0.2568954754819165,0.30064899104399795,0.3332516514848984,0.10802534110565815
"el_pais","12-2013",0.2536146157107506,0.06398232456758725,0.0,0.0,0.19919990158153647,0.12236260002031989,0.028685293547671846,0.0,0.18574096226041387,0.2536146157107506,0.19124426948744544,0.12434239290099115,0.23187231190266983,0.19657930394402554
"el_pais","01-2014",0.3755291301808386,0.10150620498607806,0.0,0.0,0.2340927306130055,0.12941660835482463,0.030338954876618678,0.0,0.0,0.3755291301808386,0.26969226130916013,0.13151053313101405,0.30183308321436403,0.1386078577657075
"el_pais","02-2014",0.6228934862169004,0.19112183894208357,0.0,0.0,0.3526108234574837,0.0,0.05712396447483711,0.051295687644058806,0.5548275170368837,0.6228934862169004,0.2750542245915024,0.2723773234283614,0.4617510950624903,0.16311187990698517
"el_pais","03-2014",0.3208830982018765,0.02759759018243463,0.0,0.0,0.11456158213239823,0.0,0.0,0.0,0.0,0.3208830982018765,0.29329661192653544,0.12871868941091433,0.2923481050407283,0.056527226910037136
"el_pais","04-2014",0.2479247473366208,0.024689555898321364,0.0,0.19731630538930645,0.051244955939273515,0.18886955255114765,0.0,0.0,0.0,0.2479247473366208,0.24599169190631434,0.15354032756054087,0.20648098258208786,0.1264269922977507
"el_pais","05-2014",0.3052248977639357,0.055889022984163664,0.0,0.14888637625384185,0.10311262452142946,0.142512820765338,0.10022724502294644,0.0,0.4326561949321771,0.3052248977639357,0.19798903910062796,0.1737823663448422,0.2596694108420244,0.0953963571674731
"el_pais","06-2014",0.44905863737007373,0.19724471672749033,0.11607814525380142,0.12125836939844503,0.17845451468077184,0.11606751872928217,0.02720954642633014,0.04886679022554053,0.26427796498736644,0.44905863737007373,0.4232794846039852,0.22409637199207555,0.38067123561268973,0.2020048994414995
"el_pais","07-2014",0.5302073803966186,0.20124314900158402,0.2527711009613206,0.16803279006273172,0.2327452977898581,0.24125941703438933,0.1292756763936018,0.03385837671965718,0.3662210206951502,0.5302073803966186,0.44290968653995233,0.29653039788997926,0.44712925300956397,0.2122520610759633
"el_pais","08-2014",0.7240351244760213,0.39473309953066316,0.35528187505413406,0.09278426346253912,0.4176808486049207,0.08881233757839903,0.2706619805209037,0.03739180364496413,0.943692135323082,0.7240351244760213,0.6477684866227067,0.4512464826587086,0.6343460274135019,0.33291946095547137
"el_pais","09-2014",5.221643143466899,0.0,0.0,0.0,6.83550773389976,0.0,8.858974823972654,0.0,0.0,5.221643143466899,6.56251169185623,0.0,5.508453768662143,0.0
"el_pais","10-2014",1.0106406084129482,0.0,0.0,0.0,0.0,0.0,1.7146402885108363,0.0,0.0,1.0106406084129482,1.2701635532624962,0.0,1.0661523423217052,0.0
"el_pais","11-2014",0.0,0.0,0.0,0.0,0.0,0.0,0.0,0.0,0.0,0.0,0.0,0.0,0.0,0.0
"el_pais","12-2014",0.7459490204952712,0.0,0.0,0.0,0.9765011048428229,0.0,0.0,0.0,0.0,0.7459490204952712,0.0,1.0971735906930313,0.0,0.0
"el_pais","01-2015",0.0,0.0,0.0,0.0,0.0,0.0,0.0,0.0,0.0,0.0,0.0,0.0,0.0,0.0
"el_pais","02-2015",0.0,0.0,0.0,0.0,0.0,0.0,0.0,0.0,0.0,0.0,0.0,0.0,0.0,0.0
"el_pais","03-2015",0.0,0.0,0.0,0.0,0.0,0.0,0.0,0.0,0.0,0.0,0.0,0.0,0.0,0.0
"el_pais","04-2015",0.0,0.0,0.0,0.0,0.0,0.0,0.0,0.0,0.0,0.0,0.0,0.0,0.0,0.0
"el_pais","05-2015",0.0,0.0,0.0,0.0,0.0,0.0,0.0,0.0,0.0,0.0,0.0,0.0,0.0,0.0
"el_pais","06-2015",6.265971772160279,0.0,0.0,0.0,8.202609280679713,0.0,0.0,0.0,0.0,6.265971772160279,7.875014030227477,0.0,6.610144522394573,0.0
"el_pais","07-2015",0.0,0.0,0.0,0.0,0.0,0.0,0.0,0.0,0.0,0.0,0.0,0.0,0.0,0.0
"el_pais","08-2015",0.0,0.0,0.0,0.0,0.0,0.0,0.0,0.0,0.0,0.0,0.0,0.0,0.0,0.0
"el_pais","09-2015",0.0,0.0,0.0,0.0,0.0,0.0,0.0,0.0,0.0,0.0,0.0,0.0,0.0,0.0
"el_pais","10-2015",3.3567705922287208,4.234258836562113,0.0,8.459936593566512,1.4647516572642345,0.0,0.0,0.0,0.0,3.3567705922287208,1.4062525053977635,0.0,1.1803829504276022,4.336445835812849
"el_pais","11-2015",4.061278000474255,0.0,0.0,0.0,3.0380034372887823,0.0,0.0,0.0,0.0,4.061278000474255,2.9166718630472133,0.0,2.4482016749609525,0.0
"el_pais","12-2015",0.0,0.0,0.0,0.0,0.0,0.0,0.0,0.0,0.0,0.0,0.0,0.0,0.0,0.0
"el_pais","01-2016",0.0,0.0,0.0,0.0,0.0,0.0,0.0,0.0,0.0,0.0,0.0,0.0,0.0,0.0
"el_pais","02-2016",0.0,0.0,0.0,0.0,0.0,0.0,0.0,0.0,0.0,0.0,0.0,0.0,0.0,0.0
"el_pais","03-2016",0.0,0.0,0.0,0.0,0.0,0.0,0.0,0.0,0.0,0.0,0.0,0.0,0.0,0.0
"el_pais","04-2016",0.0,0.0,0.0,0.0,0.0,0.0,0.0,0.0,0.0,0.0,0.0,0.0,0.0,0.0
"el_pais","05-2016",0.0,0.0,0.0,0.0,0.0,0.0,0.0,0.0,0.0,0.0,0.0,0.0,0.0,0.0
"el_pais","06-2016",0.0,0.0,0.0,0.0,0.0,0.0,0.0,0.0,0.0,0.0,0.0,0.0,0.0,0.0
"el_pais","07-2016",0.0,0.0,0.0,0.0,0.0,0.0,0.0,0.0,0.0,0.0,0.0,0.0,0.0,0.0
"el_pais","08-2016",0.0,0.0,0.0,0.0,0.0,0.0,0.0,0.0,0.0,0.0,0.0,0.0,0.0,0.0
"el_pais","09-2016",0.0,0.0,0.0,0.0,0.0,0.0,0.0,0.0,0.0,0.0,0.0,0.0,0.0,0.0
"el_pais","10-2016",1.528285798087873,0.0,0.0,11.55503534731036,0.0,0.0,0.0,0.0,0.0,1.528285798087873,0.0,0.0,0.0,0.0
"el_pais","11-2016",0.0,0.0,0.0,0.0,0.0,0.0,0.0,0.0,0.0,0.0,0.0,0.0,0.0,0.0
"el_pais","12-2016",2.7643993112471823,0.0,0.0,0.0,3.6187982120645796,8.891682268143244,1.042232332232077,0.0,0.0,2.7643993112471823,2.3161805971257285,2.710664165241607,1.9441601536454625,0.0
"el_pais","01-2017",0.0,0.0,0.0,0.0,0.0,0.0,0.0,0.0,0.0,0.0,0.0,0.0,0.0,0.0
"el_pais","02-2017",0.0,0.0,0.0,0.0,0.0,0.0,0.0,0.0,0.0,0.0,0.0,0.0,0.0,0.0
"el_pais","03-2017",0.0,0.0,0.0,0.0,0.0,0.0,0.0,0.0,0.0,0.0,0.0,0.0,0.0,0.0
"el_pais","04-2017",0.0,0.0,0.0,0.0,0.0,0.0,0.0,0.0,0.0,0.0,0.0,0.0,0.0,0.0
"el_pais","05-2017",0.0,0.0,0.0,0.0,0.0,0.0,0.0,0.0,0.0,0.0,0.0,0.0,0.0,0.0
"el_pais","06-2017",0.0,0.0,0.0,0.0,0.0,0.0,0.0,0.0,0.0,0.0,0.0,0.0,0.0,0.0
"el_pais","07-2017",0.0,0.0,0.0,0.0,0.0,0.0,0.0,0.0,0.0,0.0,0.0,0.0,0.0,0.0
"el_pais","08-2017",0.0,0.0,0.0,0.0,0.0,0.0,0.0,0.0,0.0,0.0,0.0,0.0,0.0,0.0
"el_pais","09-2017",0.0,0.0,0.0,0.0,0.0,0.0,0.0,0.0,0.0,0.0,0.0,0.0,0.0,0.0
"el_pais","10-2017",0.0,0.0,0.0,0.0,0.0,0.0,0.0,0.0,0.0,0.0,0.0,0.0,0.0,0.0
"el_pais","11-2017",0.0,0.0,0.0,0.0,0.0,0.0,0.0,0.0,0.0,0.0,0.0,0.0,0.0,0.0
"el_pais","12-2017",3.8207144952196823,4.337533442331921,0.0,0.0,1.0003182049609407,0.0,2.5928706801871186,2.328323773307157,0.0,3.8207144952196823,4.8018378233094365,3.371801766520048,4.030575928289373,5.922950409890721
"el_pais","01-2018",0.0,0.0,0.0,0.0,0.0,0.0,0.0,0.0,0.0,0.0,0.0,0.0,0.0,0.0
"el_pais","02-2018",0.0,0.0,0.0,0.0,0.0,0.0,0.0,0.0,0.0,0.0,0.0,0.0,0.0,0.0
"el_pais","03-2018",0.0,0.0,0.0,0.0,0.0,0.0,0.0,0.0,0.0,0.0,0.0,0.0,0.0,0.0
"el_pais","04-2018",0.0,0.0,0.0,0.0,0.0,0.0,0.0,0.0,0.0,0.0,0.0,0.0,0.0,0.0
"el_pais","05-2018",0.0,0.0,0.0,0.0,0.0,0.0,0.0,0.0,0.0,0.0,0.0,0.0,0.0,0.0
"el_pais","06-2018",0.0,0.0,0.0,0.0,0.0,0.0,0.0,0.0,0.0,0.0,0.0,0.0,0.0,0.0
