"newspaper","date","epu_news_avg","epu_cat2_news_avg","epu_cat3_news_avg","epu_cat4_news_avg","epu_cat5_news_avg","epu_cat6_news_avg","epu_cat7_news_avg","epu_cat8_news_avg","epu_cat9_news_avg","epu_cat10_news_avg","epu_cat11_news_avg","epu_cat12_news_avg","epu_cat13_news_avg"
"Promedio","1-2002",3.7413888370170287,3.5933963847854384,3.0351088172321585,2.707218236874898,3.722790130660161,0.4934974604626938,0.22794512110417567,0.41337273734025437,3.7413888370170287,3.5747161382195713,2.4412280012491374,3.6204977716954407,1.256812357737446
"Promedio","02-2002",3.1929274163419725,3.0295332958611447,3.735841016535758,3.529715121916847,3.135251792941114,1.0528854658306277,0.7294873557988605,1.32290695085272,3.1929274163419725,3.067267593616639,2.6042013254577587,3.4408670141796294,1.0427787819799281
"Promedio","03-2002",2.886101007537924,2.73129560094517,1.8337280650656873,1.9195885243151791,1.923662964482514,0.9690115388915777,1.118959418640625,1.623363783758253,2.886101007537924,2.594040051000934,2.5165853995080356,2.714369184551388,0.6855071169674346
"Promedio","04-2002",2.5769021473684313,2.471900847327328,1.7317319862164955,1.3944743797161396,1.9983309547005228,0.9151129378888049,1.2680644552181872,1.9163357991544006,2.5769021473684313,2.1615473908488823,1.8107483886016011,2.4413236820599766,0.9063287372790733
"Promedio","05-2002",3.0301797837228572,2.962646819450153,3.254812149183982,3.3547932369777453,2.913658786155625,1.834630751531587,0.8474109034871641,0.3841895838015922,3.0301797837228572,2.816774572262641,1.9285505363257576,3.0589991383212403,0.7787228861820196
"Promedio","06-2002",4.684735726350434,4.362174066613705,2.6691600947091008,4.7285410638178815,4.573445419670187,2.8209710918389677,1.3029987967065173,3.1506073434781885,4.684735726350434,4.738339412045049,3.3723978842091547,4.891732059565119,2.2617224944682137
"Promedio","07-2002",5.070695288733885,4.6482369907741425,2.0551068014982694,2.6477942823297336,4.407616112794886,3.8613207797114786,1.7835334591756016,2.02149563617005,5.070695288733885,3.800272217343011,3.8202281326428036,4.957438021032365,2.185289044887322
"Promedio","08-2002",4.592530875514893,4.121392339022124,1.3835032715968743,1.6339601971021724,3.870285248234214,0.9747942164467703,1.575891696158834,1.22478853250303,4.592530875514893,3.6840285965772255,2.6521559278702798,4.225878221391861,1.5171154950106227
"Promedio","09-2002",3.979859791277889,3.740231612078103,1.158971139141677,0.9332596344163451,3.525856810101319,1.2248887154708747,1.6973181968881896,0.0,3.979859791277889,3.9541150530081346,1.9692616128983733,3.8395928016736804,1.9063486616469847
"Promedio","10-2002",4.695354331953125,4.313644403985285,1.9940223561667425,2.2020799209545863,3.585975194453975,3.010620368330863,1.9468361870398234,1.0087252579435169,4.695354331953125,4.0771177458039025,3.5742971746567145,4.8190109648245505,3.237297432840418
"Promedio","11-2002",2.9192240297207253,2.673111898602703,1.1334725598624993,0.36509077788482275,1.9025016641922403,0.5989699402263288,0.8299877091645496,1.00344120735188,2.9192240297207253,2.546640249742389,2.3703825160374024,2.8762603946155547,1.3559323591770733
"Promedio","12-2002",4.425146537992331,4.103072668259165,3.3616765149314,3.0679158505168695,3.9967559883499977,4.145020875838649,1.3675526815079624,1.4880134113164725,4.425146537992331,3.7298166267780815,3.075681793287915,4.265236478499037,2.1782867269353594
"Promedio","01-2003",4.167691315080988,3.809150635773292,2.08057607382453,1.3403044134271664,3.273926391475048,2.198910799792426,1.777423999609916,0.9209467619397783,4.167691315080988,3.7223300958084664,2.855356510980271,4.179681120717178,3.8889346058729464
"Promedio","02-2003",2.9726652777055116,2.8119697219468702,1.9339369021249462,1.77977092692065,1.5070985635935528,0.0,0.8092168216522599,0.0,2.9726652777055116,3.2185860153319283,2.744386626634085,3.1937638296754742,2.9744987056973056
"Promedio","03-2003",3.98759088701756,3.5932123911149425,2.207958282426032,2.5286468752186,3.294218301082074,0.0,0.7185698579569727,0.8687388956166616,3.98759088701756,3.5113136504678506,2.3087041954670413,3.527712720576666,2.6413008914990135
"Promedio","04-2003",3.758064538803638,3.4384020011898655,2.821454514527338,2.313280258356987,3.0136474322665845,0.0,0.5008523903256282,1.8165663962396765,3.758064538803638,3.5857703658719293,3.2183927618174972,3.399013637138341,3.2217859380660085
"Promedio","05-2003",3.2008548526315916,2.9323290189885944,1.2053248199518223,1.7082311151522709,2.9335002961047962,0.5095515222335391,1.1768022406380905,1.2804607385258948,3.2008548526315916,2.968852590612896,2.646676266862283,3.1945275226046173,2.8837732549788693
"Promedio","06-2003",2.934338923775444,2.8283710479291804,1.4241766894103847,1.6819967627914418,2.7888470533787744,2.0069041086302093,1.1587293672627799,1.68106122407612,2.934338923775444,2.5282232229253094,2.8542229358176345,2.810843034463043,1.5617169597608251
"Promedio","07-2003",2.138954317849992,1.9625895095365538,0.47914063701893517,0.9259853343429493,2.1110880540246546,0.5063922125296996,0.9356046866224536,1.6966955401547732,2.138954317849992,2.3125110859493554,1.002006249582684,2.2290593455318874,1.0030626724802498
"Promedio","08-2003",2.6933682000700925,2.6225933496277785,2.401019881022538,2.01075406896752,1.914270912725165,1.0150320602681417,1.6409418194356968,0.8502304770682374,2.6933682000700925,2.7971555339635668,2.8871611499016376,2.70788632111313,2.010577465122418
"Promedio","09-2003",2.5882047447715255,2.562528585166641,0.9830981902669291,0.6333105815375979,1.753233942186244,0.0,0.7198757550182303,0.8703177032415896,2.5882047447715255,2.0451714863438424,2.1844054916220412,2.5639721900762336,1.4700561526970883
"Promedio","10-2003",2.5442780898803607,2.5190377025242414,1.44961977452714,0.6225621214668392,2.0276215257609347,1.5320682660456386,0.7076581227311858,0.855546790904305,2.5442780898803607,2.332134895968577,1.8947047606836482,2.452336352532869,1.3005959057068612
"Promedio","11-2003",2.029331757562698,1.8704694030779774,0.0,0.8565648852709462,1.1158978933663417,0.9368567110955032,0.0,1.569495505804784,2.029331757562698,1.9178530680460912,2.317216419047215,2.186914951365996,1.4580716719766162
"Promedio","12-2003",2.424009861999506,2.219647940162053,0.9411914383547243,0.6063143062045468,1.7772336392174248,0.9947225888578178,1.1486490769864617,1.2498277065037444,2.424009861999506,1.8013521731741509,2.0912903379991796,2.05662140414859,1.5481309053044456
"Promedio","01-2004",1.9270757081081158,1.4847645005138057,0.8860766243970153,0.71351176799972,1.3943011659025593,1.4047096018329994,0.43255433709940627,0.392213199188112,1.9270757081081158,1.769600959780952,1.1581337589873568,1.9361886192209696,0.7949861405617423
"Promedio","02-2004",2.9782240392608226,3.0533504240270304,1.8922598310253704,1.8284870003903628,2.4813317644177597,0.4999709732803068,1.8474817511093136,1.2563856131404059,2.9782240392608226,2.5193794162863052,1.6076132187500056,2.934392072415684,1.4147763848212904
"Promedio","03-2004",2.4581177154677185,2.079102546571006,0.6442434845506682,0.8300416375332987,1.9824648891610186,0.45392362679319637,0.6289982281838526,0.3802241494312701,2.4581177154677185,1.6440288392724782,1.7963716645952366,2.3613918953676793,1.9267131354225633
"Promedio","04-2004",2.5418713157894834,2.5358293175168285,0.8882590791369093,1.2874845350655046,1.2113706845304502,0.0,0.21680987093529352,0.7863584831012885,2.5418713157894834,1.847874565452708,2.2058739798643425,2.254015227143306,1.195416351756019
"Promedio","05-2004",2.1475139393976352,1.996033531656875,1.5634386681918433,0.7194036901136731,1.7806987474689497,0.9442061237754431,0.6541893215504232,0.7909039078590994,2.1475139393976352,1.4868447370579014,1.2844669295589752,1.7632566131410061,1.4695098890565321
"Promedio","06-2004",2.844640906655561,2.818733116883019,1.2854252178876304,0.6900577178040858,2.427243645481699,1.358534989178687,0.6275035789287624,0.0,2.844640906655561,2.424528522915724,1.7921030586595648,2.355780667101459,1.02513856382932
"Promedio","07-2004",2.883408942308822,2.702732328086036,1.7078130361306323,1.3752136838637068,2.508201434352891,0.0,1.458974711597721,1.5118936581173945,2.883408942308822,2.2738045481636857,2.4553898211458867,2.768744302955037,1.0214975823476846
"Promedio","08-2004",2.7857662076848673,2.801113995652358,1.5487314741761327,1.1402180695004116,2.8780200916470497,1.402986031769401,0.8640471911629857,0.7834639119978482,2.7857662076848673,2.0620012819697067,1.6193978303582723,2.495242487307927,0.7940106974444887
"Promedio","09-2004",1.9420019500222283,1.7278803426432385,2.1751096871506945,0.8407217068541937,1.6428870673746923,1.8390568812095884,0.6370914904684861,0.38511645855141513,1.9420019500222283,1.8823801122237669,2.046921090070296,2.0238102139971863,0.6505013253088643
"Promedio","10-2004",3.257704142151426,2.764616782504547,1.4436326551127123,1.062841471570151,2.855792445175337,0.0,0.40270594403231036,1.4605941782956453,3.257704142151426,2.471234584703632,2.2642552584212594,2.7329469160216395,1.4802563135735987
"Promedio","11-2004",2.674620389885482,2.4625067306810062,0.8817437313681789,1.2780408832190584,2.312471778819648,0.4659468687416714,0.8608783139337816,3.512657576102822,2.674620389885482,2.201184567942688,1.6134587185109925,2.486091231242005,1.5821973555434188
"Promedio","12-2004",3.084237340570095,2.890976664993674,1.141726000832372,1.0296977764615631,2.1079903148149457,0.4826650974639348,0.2229416823969502,3.6386921451060887,3.084237340570095,2.5841851077932474,2.148878324611577,2.768439414342749,1.9121279142764067
"Promedio","01-2005",2.2368467578947455,2.0948155231660754,1.1103238489211367,1.7166460467540063,1.3045530448789462,0.0,0.8672394837411741,1.572716966202577,2.2368467578947455,2.1435344959251412,1.741479457787639,2.379238295317934,0.6641201954200106
"Promedio","02-2005",2.3520842454621627,2.4319066764893873,1.4336124890310367,0.9235313096052914,1.50392378406981,1.0101003673958142,0.4665625844508613,0.42304974930095823,2.3520842454621627,2.226852091173115,1.6239449784811233,2.492624907401851,1.0004043791786237
"Promedio","03-2005",3.006579442990913,2.6419292247177886,0.9057342472907121,1.0210774518365187,2.375389596158818,0.47862436830977884,2.210752807025429,0.8018289095164248,3.006579442990913,2.7132893744987974,1.538975065417021,2.745262860015895,0.40631145986851713
"Promedio","04-2005",1.9145316839707154,1.7482662376540823,1.1003860439267246,0.9924141710485935,1.4775735056724923,1.8607544603613695,1.2892160592311839,1.1689804301269766,1.9145316839707154,2.197602493788184,1.495773568462678,2.295892103481607,0.9214465071035004
"Promedio","05-2005",2.458361697374961,2.277020974181957,0.6711535722014612,0.8647125247917203,2.5346526901742306,0.9457680859322264,1.0921192009891956,1.9805306708382329,2.458361697374961,2.7552130741668073,1.6374804364044564,2.7754154961185566,0.9366896255005807
"Promedio","06-2005",2.324209972763006,2.0819953547256467,0.6621172327960559,1.1374268379961265,2.5931384882293864,0.933034366292992,0.8619320205603835,1.563092015369024,2.324209972763006,2.5711919290166936,1.6154335761835885,2.551362537129571,0.5280446498712837
"Promedio","07-2005",2.7840378756703186,2.641568172866482,0.21716169377534236,0.5595811280466693,2.4603734262710915,0.9180518794797765,0.636068461178292,1.5379921837292163,2.7840378756703186,2.674470177974845,2.4977751131207047,2.571622350678955,1.1690221729737704
"Promedio","08-2005",2.687845019004919,2.374880553340589,1.9568119022304662,1.26057569430047,2.6458097525961266,0.0,0.6368354247568832,3.8496166897804236,2.687845019004919,2.750065157151548,2.9554754270749704,2.8199349130579034,0.9103358177091656
"Promedio","09-2005",2.954153026062707,2.6949265884625606,1.638621065337002,1.5833963536133129,3.3520245977086445,1.2988643876093091,1.9998063066958538,0.7253196761964176,2.954153026062707,2.658924274384992,2.034649380897213,2.8298232316539775,0.8575976957441893
"Promedio","10-2005",2.5156373196008652,2.2014541045869542,1.1566994565809932,1.1177164388523058,2.4268591925403062,0.8149918858817261,1.1293275386993051,0.682669018116443,2.5156373196008652,2.2458985809051732,2.116586437219873,2.609066806044711,1.0377883937554035
"Promedio","11-2005",2.933684738182945,2.8161513866056027,1.2604655049189386,0.541326831054079,2.9971789567005227,2.6643113380009207,1.0255317390259708,1.4878207882211565,2.933684738182945,2.1676752727724535,1.7573049410156898,2.7838911692134993,0.5026164803240841
"Promedio","12-2005",3.245805678565378,3.0323254924471916,0.8724996438618996,0.7025789263932727,2.7458737476887496,1.8442477675678413,1.0648162209644658,3.475831327321099,3.245805678565378,3.1219542739038753,2.622892770454995,3.013533530160546,1.304674835518666
"Promedio","01-2006",2.9871456499634323,2.690166115539822,2.2115690073359677,0.5698759566493268,2.784042066340188,0.9349416319640733,0.8636939421069093,1.1747154117956289,2.9871456499634323,2.4292222496747717,2.0812317052350067,2.6189334732384606,0.9259670950369598
"Promedio","02-2006",1.7494516381308647,1.4371650297496168,0.9262838684835235,0.29835543449577334,1.1660559750459074,0.9789671368938884,0.4521822308205265,1.230031634097649,1.7494516381308647,1.772820482075074,1.6949604859700238,1.8281710261247932,1.5236099962735103
"Promedio","03-2006",2.4507910156534405,2.169445886588113,1.7478183495779573,0.8444567386697818,2.475278758013445,1.3854203746672797,1.0665364410306442,2.3209643758094574,2.4507910156534405,2.3270681442030616,1.713345702411425,2.402401528445551,1.0454260394462978
"Promedio","04-2006",3.218678398304679,2.7464242088754163,1.3829137942762106,1.4847854601238315,2.8047612545629157,2.923136640542126,1.8002517106037494,2.4485333593967686,3.218678398304679,2.9919978733066737,2.169021197701247,3.0543330893586536,1.2407474362495365
"Promedio","05-2006",3.036533808874466,2.5244300030531233,2.6527982633152978,1.1392861380991035,3.1539582400914776,1.4018393329285594,1.510846718099152,2.348470696568948,3.036533808874466,2.5753949399345792,2.542688110659451,2.680193286709429,1.5867234615870656
"Promedio","06-2006",2.2362924827185595,1.8301696814964798,1.8430997587542683,1.0685902308073492,2.1655136063544216,1.947927795386817,1.439587994816695,1.305328289495563,2.2362924827185595,2.024489820342246,1.830837824514323,2.2865262928840444,0.2204833793585207
"Promedio","07-2006",2.248491084592776,1.875540508097824,1.3221537899303926,0.7300540799393783,2.2191977774616714,2.79470506677529,2.0285046444071666,0.6688440170512356,2.248491084592776,2.011808912376669,1.5799791281827518,2.13019129939521,0.6778478195711504
"Promedio","08-2006",2.607638832212792,2.281965355548945,0.9991684137317655,0.9011281981667687,2.515613924738862,1.6895952950011992,1.7559437053510807,1.769088718909068,2.607638832212792,2.461065834257606,2.089518019539805,2.535454882397993,1.5538498964581378
"Promedio","09-2006",2.1765274586649634,1.9748338291147676,1.3581952849213215,0.9999401649671831,1.9540220643523958,0.0,1.3260552077434091,1.7176912346079078,2.1765274586649634,2.1958158250940474,2.0288110756435622,2.3523791149849256,0.9284343162370994
"Promedio","10-2006",1.944451735079157,1.7805201027329238,0.5662419182076529,0.12159077023414629,1.9008421198236147,0.3989649741423802,0.7371233016027564,1.0025659097181117,1.944451735079157,2.0104049982717305,2.1709552710340807,2.022269535029479,1.2418537862159527
"Promedio","11-2006",1.9254602922699315,1.629593633732929,0.8205533245269288,0.5285993894441612,1.635514738858474,0.8672230685567399,0.0,1.8160497391303931,1.9254602922699315,1.6387430958608589,1.8232371964581393,1.8508510827358,0.7361987695304417
"Promedio","12-2006",2.499435809892983,2.3523534719996166,0.41199526214347126,0.7962204436200989,2.161007519125444,1.3062836434410454,1.4078605937504285,1.4589255634689557,2.499435809892983,2.1941434596522393,2.0462715213059934,2.2070923409727676,1.3553514666012643
"Promedio","01-2007",1.7698077770590517,1.7676211031565052,0.2034410602460992,0.393169402960959,1.1951452490880454,1.2900717742294792,0.9931343467438416,1.4408193041254147,1.7698077770590517,1.422036423772828,1.4890664517585468,1.9502586307813838,0.973476823493431
"Promedio","02-2007",1.9254987230769307,1.6483883025344213,0.4426757603881979,0.4277567276895212,1.1145281332681014,1.4035600849738892,0.43220036464678807,0.7837844782466198,1.9254987230769307,1.6208067710595995,1.2729046249557439,1.747384417769033,0.529557052714614
"Promedio","03-2007",1.8043492504320575,1.4316492577804285,0.7689406953722498,0.2476753002779412,1.7746371911146432,2.031687306133727,0.9384307846453003,0.6807282391026079,1.8043492504320575,1.7916109219672822,1.7085559655508575,1.8970360327947393,1.034838035848494
"Promedio","04-2007",1.9857015215939808,1.8906504550930587,0.6346692755506974,0.9539906266865245,1.6866845390574097,2.235888963418189,0.41310038764049667,1.1237207263402846,1.9857015215939808,1.760431146438325,1.5484660521024542,1.7894606613613262,0.6326933109280977
"Promedio","05-2007",1.6038928676113424,1.5284035757513037,1.4861257670175214,0.957360295305119,1.2472100538952564,0.897514612160174,0.4145595334367151,0.7517932750528803,1.6038928676113424,1.4133194478627304,0.8879631521027083,1.4366250898276014,0.25397123956721285
"Promedio","06-2007",1.5830529465610765,1.5694807933359147,0.3951422784473176,0.6363753606483991,1.4093746920204249,1.25284910433754,0.7715834121232652,0.0,1.5830529465610765,1.1179573631048583,0.6197580656202613,1.5040488750879546,0.11817361548890765
"Promedio","07-2007",1.9664397089092824,1.7852264452263484,0.7990395556785492,0.6434253092523324,1.7602794778388737,0.4222428419099194,0.7801312342664328,0.7073741746066244,1.9664397089092824,1.9282311787568849,1.566559807670121,1.971292243827325,0.8363794366545066
"Promedio","08-2007",2.500387975915799,2.302092006510929,0.8243044254390519,0.5310158437959059,2.4212504512953243,1.7423750337402844,0.40239912045590476,1.0946110084769938,2.500387975915799,1.9206069083489266,2.154790582435905,2.5565541598532078,0.9860856661596317
"Promedio","09-2007",1.583743850156125,1.47884536830335,0.5765006527826406,0.3713809742355914,1.2095500700298578,0.8123862279872551,0.7504779333547069,1.0207296260220633,1.583743850156125,1.4711576007557277,0.7032731252621627,1.7879985798262885,0.6896469468034724
"Promedio","10-2007",1.8346662297076097,1.3926235594942658,0.6010553102159754,0.9034644564583122,1.2610679433829814,1.270481795435624,0.5868320506648611,0.7094700980869403,1.8346662297076097,1.4671302772109855,1.361707937511579,1.8076645574719648,0.7190207982413981
"Promedio","11-2007",1.371934680634383,1.239740586962742,0.0,0.3860551855513995,1.1735196518925823,0.0,0.3900656171332164,0.3536870873033122,1.371934680634383,1.3298146060392309,1.1488105256247554,1.3517432529101658,0.23896555332985905
"Promedio","12-2007",2.694303155771163,2.3904238596088567,0.855933194927813,1.7920209325094234,2.783528134524144,0.9046152024462513,1.2535178297429788,0.3788705033296556,2.694303155771163,2.49287635206484,2.0137233983405167,2.594316840418502,0.5119610114060588
"Promedio","01-2008",1.6775135446928142,1.1770324336078457,0.8620713612659407,0.8330178824487569,1.5373975724111246,0.0,0.4208357335445219,0.3815875029551273,1.6775135446928142,1.2912446843979337,1.9154886402629934,1.7622028741291689,1.933621668577465
"Promedio","02-2008",2.074452174416181,1.7786582831762145,0.21073228640217287,0.6787673305240811,1.6801138941837928,0.0,0.20574555730361319,0.0,2.074452174416181,1.473001500121523,1.3220861579028247,2.0795712490394997,1.3865029027249398
"Promedio","03-2008",2.6047521471586816,2.4280982725499656,0.19961246464737187,1.285900913251156,2.345307171457648,0.0,0.7795554916581181,1.0602781908679366,2.6047521471586816,2.4583414071348115,2.4002856349551247,2.532648105775412,1.1939459749395909
"Promedio","04-2008",3.1239751595830816,2.9830697750031807,1.0183542530014642,1.705658477930656,2.307526432545666,0.4305096445376738,0.19885122198734,1.8030584194604093,3.1239751595830816,2.711700265929396,2.662050677190442,3.043542900205174,0.8527543352637063
"Promedio","05-2008",1.7920483165270444,1.6875579255649422,0.41199526214347126,1.0616272581601318,1.9881269175954086,0.4354278811470151,1.0056147098217345,0.7294627817344779,1.7920483165270444,1.7141745778533117,0.9692865100923126,1.800522699214626,0.4928550787640962
"Promedio","06-2008",3.492233441580103,3.204285692359753,1.1734268529162208,1.2598667660559049,3.118476042205203,0.8267777410643974,0.5728295505405369,2.4238945867395465,3.492233441580103,3.0595351373508524,3.271916285694433,3.639346350116415,0.8188414730514837
"Promedio","07-2008",2.730760099344292,2.5169877689709717,1.3916385352299316,1.6649132368187514,2.8363600931656916,0.0,1.7469090813617696,1.0559918769761516,2.730760099344292,2.5807493600333564,1.6630136799395079,2.8587308154617967,0.9512954331749479
"Promedio","08-2008",2.453144092074554,2.1375986972377747,0.9567558882107849,0.9861454474455275,2.1679484276056913,0.4044689125900466,0.7472923177904138,1.016396850814329,2.453144092074554,1.9744477634910038,2.1008636515171433,2.2120231972071376,0.9156260607248082
"Promedio","09-2008",2.8349478177473557,2.510548004048228,0.4127812126626309,0.7977393685411597,2.251735206040577,0.8725170666860448,1.612052943451736,0.3654271775724416,2.8349478177473557,2.610515875998875,2.0501751297022275,2.909608871360111,1.3579370283460206
"Promedio","10-2008",5.450057873567446,4.668320205510945,1.6004431337111769,1.9331313655199516,4.533128849734682,3.382939691988348,3.9064263727690456,1.7710514652688043,5.450057873567446,4.727825345302346,4.288264357149857,5.302159586334882,3.4701262637020136
"Promedio","11-2008",3.7527263789473833,3.6172040506344563,0.6071265759757327,1.042960411495887,2.802373207517736,0.8555432965896458,2.3710385885448937,1.4332729254281622,3.7527263789473833,2.9638995499211833,2.8567299388354805,3.823027946673663,3.510370900505142
"Promedio","12-2008",3.890003049668321,3.737657664646638,1.2905362525511996,1.1084823777051716,3.249192951539451,0.9092911458386176,2.5199944919206763,1.5233155187552596,3.890003049668321,3.2932871937394617,3.0361984598438325,3.941912647071693,2.1870811556845706
"Promedio","01-2009",3.1441761553342937,2.9695290010276114,0.44303831219850764,1.5697258895993842,2.416788687564436,3.277655737610332,2.1627716854970314,0.784426398376224,3.1441761553342937,3.096801679616666,2.0846407661772424,3.2478002644996913,2.1199630414979795
"Promedio","02-2009",2.4533327490276173,2.313328171917385,0.698901523506948,0.7503857611780003,1.3686008687877318,1.4773044132972373,1.592179982424042,1.2374478455004774,2.4533327490276173,2.558948157926138,1.826978449255249,2.4960484441836726,1.6721413912590655
"Promedio","03-2009",4.120014492631595,3.688393704822475,1.6741192392862754,0.9436572659332467,4.039320143601968,0.884668174771421,1.8388160968608802,1.852581494037465,4.120014492631595,4.248924857686818,2.078726891663264,4.130181351090442,2.2530245515494487
"Promedio","04-2009",3.5440711101261058,2.909771512726747,0.8846276029343872,1.1397519132986536,1.7632266420154523,0.46747081598203666,2.159234855267273,0.7831436078637526,3.5440711101261058,3.2389629995663625,2.3124796724833403,3.491911297651281,1.8519341900739197
"Promedio","05-2009",2.596328495561303,2.3904238596088567,0.6419498961958597,0.5513910561567457,1.5264509124809822,0.45230760122312563,0.4178392765809929,0.7577410066593112,2.596328495561303,2.49287635206484,1.7899763540804592,2.594316840418502,1.9198537927727204
"Promedio","06-2009",3.543989482415848,3.0852301175529377,1.3082219569392448,0.5618365941008678,3.1107359183812355,1.3826283142588411,2.3416514718186723,1.1581434491141105,3.543989482415848,3.3384189005460483,2.165864173699935,3.565601946041285,2.217053247298144
"Promedio","07-2009",3.3550270893856284,3.156586981039222,2.586214083797822,2.2213810198633515,2.5321842369124408,1.3666537241737788,1.8937608009503486,2.2895250177307633,3.3550270893856284,3.1563758951949494,2.5915434544734612,3.6459369809569013,1.6758054461004697
"Promedio","08-2009",2.312197457609291,2.157977812676312,1.2722146772996088,0.354145475092544,1.779835063975217,1.7072800922388018,0.32204197902339937,0.1946716732555629,2.312197457609291,1.840325267300051,1.180912750447833,2.275909429357664,0.526112779201023
"Promedio","09-2009",2.867225019089342,2.8013830965862763,0.880206521236784,1.6890836122347337,2.1569076846000135,0.26579117059322677,1.3710808118788285,1.7233143841447436,2.867225019089342,2.3756576795175395,2.5669011432058957,2.430859462986165,0.8273251862610229
"Promedio","10-2009",2.6415038623578324,2.4915622037644147,2.325422133725519,1.5517712958638383,1.9423133540419133,0.0,0.33497812617233086,1.0320965492806906,2.6415038623578324,1.9535984446919388,2.187731676790113,2.4037809295480974,1.345513211135248
"Promedio","11-2009",3.1817468395511193,2.91574835266797,1.0524314770318635,0.9524489466429927,2.886527040495421,0.2471754465828062,1.674587103293968,1.2155704833151222,3.1817468395511193,2.3259657598386183,2.1742505419415226,3.289178138123726,2.558162516908628
"Promedio","12-2009",3.672370452538426,3.5978649907230196,0.8249778767670249,1.2951720332203018,2.884135450549426,1.1940863917198885,1.46464376085561,1.731116007295019,3.672370452538426,2.986039231802245,2.7104506178458125,3.29361440418174,0.8843532966031633
"Promedio","01-2010",3.155444970226986,3.093376866338666,1.4547186057623924,1.247642926691839,2.8608105178463896,1.3783183163787398,1.9854519036108926,1.4339245680420225,3.155444970226986,2.2331704043896337,1.6493759439709996,2.6004540418436664,1.5147860434953224
"Promedio","02-2010",2.388383548017856,2.2660306868936635,1.620335176128592,1.3166767460608286,1.3945579404109862,0.2775324310417625,1.3117915074753037,0.4649439963191113,2.388383548017856,2.253567500386954,2.5466516805981407,2.1424368325799854,1.2222108761467885
"Promedio","03-2010",2.4297748388430156,2.392439051213257,0.339650342734017,0.9561782163413824,1.793504501831614,1.2239344593378851,0.8832495697458442,0.8018289095164248,2.4297748388430156,2.023404132960626,2.0782341630909933,2.289634340950787,1.295839298410169
"Promedio","04-2010",2.9351311768245933,2.7978273841020407,2.674089119362236,2.2016355079029117,2.8967284949191305,1.0906143861803375,2.531038332313159,0.7521077558578285,2.9351311768245933,2.8226628598025023,2.5452034294835277,3.0188501693415737,1.6388320789763207
"Promedio","05-2010",4.078001660619795,4.0146652215307235,2.7342223763297957,2.2838504470328793,3.312120643302385,1.0255010008000554,2.925472228573761,2.0595728321147106,4.078001660619795,3.8259067849168966,4.011554856687951,4.1285437080522716,2.533878538618209
"Promedio","06-2010",3.3802468367497256,3.2718538705413898,1.4295985338592456,2.404688664233049,2.6510866147964967,0.4667075983232905,1.0045183089411047,1.6924402537884313,3.3802468367497256,3.136187722846286,3.185230900430707,3.3220520179379194,1.9068021251062133
"Promedio","07-2010",3.449503945548261,3.315113169591601,1.118557621245559,1.5281165513824144,1.6089444649590008,2.4870806464424313,1.7148198871032905,0.8021646837666411,3.449503945548261,3.01700630196214,2.5216808460899243,3.299098530165571,1.7302912398147967
"Promedio","08-2010",2.783524736534179,2.710802558707643,0.6856144222995916,0.4416719233093324,1.5034373027673595,0.7246093890317247,1.3387803437221166,1.120955564533265,2.783524736534179,2.4620564407912564,1.9935222435161015,2.682210261315377,0.47843589236594924
"Promedio","09-2010",2.7173138212313446,2.455977036515897,2.256892023723619,2.3247934334830216,1.440911683221049,2.35549873688562,0.5798735678506534,0.21031722275304554,2.7173138212313446,2.606882903919932,2.2471572811044265,2.640904723383203,1.0720331096433369
"Promedio","10-2010",2.7648167067232303,2.3464924527134348,0.5563037630546871,1.0466562093461276,1.9249245442068845,0.2351776256462488,0.7603952939507662,1.4506916015182811,2.7648167067232303,2.1544027851373233,1.929409831281148,2.5852462892152053,1.5539761304907251
"Promedio","11-2010",4.18193542808981,4.072620928981384,1.798078508526208,2.3590537074057085,3.3171038918582627,0.25683594247350894,4.691673632711883,2.5174477872435643,4.18193542808981,3.2127665738735383,3.331506274895655,4.053626001991537,2.24560334733302
"Promedio","12-2010",3.7780224850963835,3.1750738531040605,1.9280956335349455,2.807250411540327,2.436492266512336,1.766412178171037,1.6044370206628469,1.191166218436607,3.7780224850963835,3.5475314668511313,2.6506624029820367,3.6907131517099794,2.2311988605565425
"Promedio","01-2011",2.8561652732907463,2.605712120057664,1.084302071367764,0.24633304488058197,1.598176018082015,0.26942356642131515,1.495188553453655,0.22567969661106724,2.8561652732907463,2.3678097867134875,2.346544298536604,2.5480260976036253,1.1509421862272062
"Promedio","02-2011",3.531868036608297,3.4470727433128703,1.1911022088275778,1.6284449243688357,2.0723400450574614,1.3439113223833812,1.4957326403481297,3.327015061102621,3.531868036608297,3.3143439476932883,3.1874264785613784,3.2145453315108954,1.7970222757314596
"Promedio","03-2011",4.204439200858763,4.078887378270468,0.9846390820152133,1.739489287717444,4.073758475109881,0.24664228125368026,1.8184164776005953,0.9032202064092116,4.204439200858763,3.246662131494119,3.71738641628121,3.876233641456296,0.628135080430902
"Promedio","04-2011",3.2702659305370823,3.0441393220676813,0.7885565294378685,1.8284008498214888,2.156460342750518,0.4762322431870311,1.3198221880842358,1.0686438365704038,3.2702659305370823,2.82743661365783,2.008527018531114,3.242929919107816,1.6398699012523008
"Promedio","05-2011",3.5592873926281845,3.4690049082171797,1.086244536534895,1.5515908477873748,2.6310710148922825,1.5300696871600499,2.3280681303826545,2.676585904772642,3.5592873926281845,3.1274976131620793,2.805354105106068,3.740648973306852,1.4983456574352467
"Promedio","06-2011",4.286695675146815,4.262044465035144,1.309261576631825,3.3215747166188367,4.182030722734617,1.718024439547702,2.1923986948874017,0.19879299136931702,4.286695675146815,3.8509224228907124,3.3812848054540328,4.253041805697876,2.06924575623603
"Promedio","07-2011",5.432581177906901,5.276899656979175,2.8337939758404618,4.781981443476439,4.976912279849066,1.4788826853532315,5.317959916881302,2.4790699579220075,5.432581177906901,5.475035865519645,5.038490293709226,5.299147827702248,2.3101413096178285
"Promedio","08-2011",6.040847438251495,5.757266717721899,2.045344977828602,3.467682983097836,5.222445665819557,1.9008994354709112,2.705869524283683,0.9457497953648074,6.040847438251495,5.815160868061978,4.420507229801835,6.211361144938242,3.3488800266843537
"Promedio","09-2011",4.83080673704345,4.781987361643435,2.9501607826732403,3.2067089091176957,5.129421632888908,1.6801203590822684,3.0507466214691688,0.7984865630824255,4.83080673704345,4.568717276353192,3.7624658599290686,4.720030573010536,2.687491365812056
"Promedio","10-2011",4.394894841314621,4.259312964449215,0.9772276219890405,2.05160872063851,2.7689260353368925,0.7727688838554576,2.250945328239765,1.07451011909046,4.394894841314621,3.679007272491181,4.342453996460911,4.177527500279156,3.0808052176895417
"Promedio","11-2011",5.076954919426213,4.32984286096695,1.5463013353227515,1.8627694918367041,3.9211668441440493,1.649032895388908,4.188488940053733,2.8556691577622626,5.076954919426213,3.9330903149125325,4.366169221504332,4.499244965824282,3.8462687440225327
"Promedio","12-2011",4.671174506752842,4.331030616117842,2.743880968732813,2.4027651419426617,4.271657153808943,2.4632182524840425,3.24969114907024,0.8943095670321104,4.671174506752842,4.66085312606682,4.089563663608846,4.67559360125096,2.4909638181453233
"Promedio","01-2012",3.72893430132968,3.550760993727614,0.45572854186552464,1.382904756694234,2.660522700514581,0.7224727985838637,1.1605551411235804,1.0086190316105406,3.72893430132968,3.2050742813260378,2.238702687304264,3.5225696847480714,2.1673470076433095
"Promedio","02-2012",3.049546444744399,2.7063653304735595,1.6000303567674043,2.0652329464883,2.037706347357012,1.2231852972743493,2.3343755696759105,1.4665387835625106,3.049546444744399,2.7985223503649768,2.922365934595385,2.9542345513883568,2.1022442709410813
"Promedio","03-2012",3.295278485579729,3.327802912227595,1.5612166482796144,1.9973393655021656,3.2234510664368883,0.2193848073469036,1.5938901472521345,1.7253750365197766,3.295278485579729,2.9224572699589846,2.679269172916565,3.144307894244684,1.5955606253370633
"Promedio","04-2012",4.95143321350949,4.729010331670563,1.2125949635903346,2.0862382165353712,3.8465237025906234,0.914690124737508,2.454644979838992,1.2399081156970626,4.95143321350949,4.282015825124713,3.1347550695938033,4.749033594087306,3.6004649630218375
"Promedio","05-2012",4.683198451495418,4.645729471255389,1.460679572079517,2.397538475538452,3.0734973299346797,2.8101174431629627,1.7784525097422386,1.4597292628307341,4.683198451495418,4.170143764061547,3.436140312921049,4.321372912051815,2.3733536082543525
"Promedio","06-2012",5.724900972732368,5.646295040662583,1.846197049517811,2.6824387069731745,5.1247199027688675,0.9082925678322891,4.288384876424896,1.9394042741511193,5.724900972732368,4.592018534842958,4.391486002582457,5.0389597799895105,2.789924673799693
"Promedio","07-2012",5.087281488193497,4.783826238435701,1.0910970443253551,3.1886316673034805,4.689665291689201,2.2023958813724995,2.6204544864434265,2.0748764541610214,5.087281488193497,4.6405688735151935,3.0575329839701673,4.552923698679383,1.872264253275482
"Promedio","08-2012",4.867279542703785,4.440999154162287,1.4837705616008081,2.446428889707759,3.6666726364772466,1.7074854463448794,2.4156663301683534,1.7402669733119123,4.867279542703785,3.8490551526238654,3.597599726842077,4.544662699128604,2.5241793266445587
"Promedio","09-2012",5.103229486678404,4.799603936433281,1.3145785905273863,1.8964430297260648,3.2349391303218034,1.8643237816915395,1.8859469044330737,2.4105904929175375,5.103229486678404,3.8104370921025983,2.96794848060834,4.636262300489656,1.9044500260159432
"Promedio","10-2012",4.204073811067402,4.153429626972489,1.0997480523373193,1.2328362988280055,2.7239981657110413,1.8701207246230942,1.637198875064647,1.0753723462677882,4.204073811067402,2.955962902071679,2.728485347073219,3.8345199492686324,0.8888651332528202
"Promedio","11-2012",5.482723163146752,5.347438198156664,1.6015048912976042,2.3044176431889434,3.891883935703478,1.4898552295110667,2.3909914151049945,2.118149958755575,5.482723163146752,4.6224858929868065,4.007996614181347,5.076869801434661,2.033652890212177
"Promedio","12-2012",4.797313828105567,4.345217535887371,1.8543352213714985,1.2346998069000454,3.7144962276342652,1.408131580443681,1.961301971797198,1.7154752288902977,4.797313828105567,4.156855531781985,2.487535936745329,4.571101606714424,1.3492168555103892
"Promedio","01-2013",4.318209183681991,4.207836630512016,2.0764273385262517,2.25913112978979,3.534908431582861,1.3218215434542369,1.601227285241488,1.8683345955121844,4.318209183681991,3.9571582082620904,3.33373221614025,4.198626261415627,1.596667897311226
"Promedio","02-2013",3.4080872129145443,3.252294471466545,1.4111676854098183,1.2706399125280234,2.3082986904565286,1.9345287356907948,1.2746434669980242,1.2115868706327595,3.4080872129145443,3.1096396080169035,2.45817134506878,3.336630278046784,1.3474836940169934
"Promedio","03-2013",4.516816240941627,4.456865025445489,2.015414441745064,2.0412699995683243,3.6651610919441477,0.5528288436223329,2.152784659591734,3.4367892376388647,4.516816240941627,3.9980803707386037,2.7001146893424086,4.386104378284381,1.5962944016960492
"Promedio","04-2013",3.7764167137286737,3.7349358464301203,1.6154614985626365,1.5386703939537476,3.222148898658681,1.3689271873875455,2.156674309705045,1.3569364444787657,3.7764167137286737,2.9268133000677423,2.9729280742584243,3.131093959955823,0.8188461680031939
"Promedio","05-2013",4.141292085206225,3.9029550943725417,2.6390846773173693,2.621117728634128,2.829569425018274,1.2113854091310345,1.0227599360804296,2.295489237032523,4.141292085206225,3.272365584275254,2.4828390842561063,3.6982564037412153,1.095477736904259
"Promedio","06-2013",4.354117492600774,4.415678015765203,1.8192196274220258,1.7011049103529672,3.1783301905819634,0.9078031537377256,1.9917162029723305,1.1320855115173847,4.354117492600774,3.398465248913317,3.159135397159892,3.903660009950411,1.0590006448805074
"Promedio","07-2013",3.824292853303845,3.7366782157229994,0.5653350306979096,1.5291501249719863,2.937604819337532,0.946247508223816,1.2155186013383474,1.632517010704938,3.824292853303845,3.208437564549039,3.103750160220842,3.4463143492189143,1.7575162572444405
"Promedio","08-2013",3.7316146816697375,3.802302286872822,0.6960368009334763,1.1755528544732148,2.773753268032356,1.1948112841670555,1.5439134497909766,2.45014479259844,3.7316146816697375,2.81205586248459,2.194362156265488,3.49751745108801,0.5512391251428529
"Promedio","09-2013",3.5575961925242043,3.3937985245755793,1.0809664533164507,0.9988880019341543,2.425215669531106,0.7985305518989252,0.5695111450491803,1.3548864685671453,3.5575961925242043,2.891872475470713,2.0993871614493846,3.3794501033246074,1.436611307664687
"Promedio","10-2013",4.622711477374726,4.355634193840633,1.5421200180502517,1.6529283922492264,3.226513826031184,2.246286105897975,1.1330025702182216,1.2632278174592624,4.622711477374726,3.9292078441788902,2.430095311228086,4.443545239769894,1.931790210008531
"Promedio","11-2013",3.6349037251968404,3.587180492010422,0.5697797908054474,0.897238200866498,2.562239329088062,1.0979589127912819,1.180620937459307,2.1379169489963044,3.6349037251968404,2.8001776185674707,2.5135319945252577,3.424823551493587,1.3282066403720876
"Promedio","12-2013",4.068557934474683,4.109293094547307,0.3721901432587101,0.9486585000005975,3.059702897081572,0.7647117531445158,1.3933323912616913,1.421633401209612,4.068557934474683,3.2273080369071767,3.1629681996354493,3.673993668990617,0.8242406741216728
"Promedio","01-2014",3.851846158021448,3.8473305460066185,0.5961279300180314,0.9207437280860135,2.9307544264838037,0.6804047306121018,1.8909259816299577,1.9450044460368165,3.851846158021448,3.3221334929188955,3.019875060930076,3.710137534736536,1.9955118574632342
"Promedio","02-2014",2.6067141576035144,2.55747506779679,0.4031135515215281,0.8443824039708309,2.474741825543779,0.0,0.5264575865144968,0.41271756816283145,2.6067141576035144,2.1775070832609034,1.3982254698270966,2.481455237325394,0.9249435280588764
"Promedio","03-2014",3.0331624225318023,2.9125824361190182,1.266160686825237,1.6963561416272264,2.4402848626058473,0.1807993702412661,0.624063010697823,1.0520462804797623,3.0331624225318023,2.4238641640039167,1.8310676917791062,2.6940567134800966,0.29686178145378433
"Promedio","04-2014",3.5525503963144787,3.195097026522834,0.8442277527574031,1.1143940212752665,2.912460533242168,0.159408004446126,0.7369918851168981,0.9165717928542428,3.5525503963144787,2.5290609321862045,2.1184790073667314,3.183166703957255,0.8255250876393917
"Promedio","05-2014",4.21488215567435,3.9990960241757243,1.1883460044393261,0.9261178017182655,2.5723180923829365,0.3746068001209129,1.4380379641596004,0.9355324352485077,4.21488215567435,2.696305139437109,3.1301418409447916,3.733664384951771,0.8742112180755773
"Promedio","06-2014",4.079001336155645,4.109185756844512,1.4843590709479406,1.360125240323332,3.0263633078443153,0.6199565030633901,1.2579917314152775,2.3870369071359847,4.079001336155645,2.9575056003019338,2.1833765065620208,3.677302492179082,1.555019946601181
"Promedio","07-2014",4.013161660496642,3.931695091928893,0.708076091007901,1.3334279086905603,2.9899701148003555,1.3765085173415643,1.6701665687310427,2.1205405614329647,4.013161660496642,3.115316411836042,2.0987397601971076,3.61802904084524,0.9945368404112761
"Promedio","08-2014",4.14224608581392,3.9598459480304875,2.243950429822309,1.9394660963832664,2.8262548555291946,2.2244825869211744,1.3900012719233903,1.2342760101807295,4.14224608581392,3.0289635989624535,2.570127213279388,3.6860765471781423,0.8392032047009592
"Promedio","09-2014",4.339940466674954,4.095181385326106,1.88013131784306,1.588789771307152,3.0454749833874093,1.5933166262978793,1.8461794214059761,1.6333074321154903,4.339940466674954,3.1385542908288735,2.5099523043212706,3.9141074620834426,1.1817985337615176
"Promedio","10-2014",4.0334805629587995,3.873528506760151,0.8263513263205352,1.071126493713938,2.373790970103585,2.476049944713488,0.9423165177431253,1.500137387264525,4.0334805629587995,2.997845319971239,2.5776224742937397,3.6140749315033815,1.1874345991818847
"Promedio","11-2014",3.4949741854165395,3.5390024075659383,1.7673733676177819,1.7323624058529532,2.2913233104341515,0.9410274467066134,0.6139385818506099,1.4776561284689873,3.4949741854165395,2.374156832187307,2.119755755298323,3.0522496378958266,0.7551391622944505
"Promedio","12-2014",4.139993288984782,4.158011148963797,1.6097582275859705,1.5842453566945303,3.3691726142369,0.7733933082192488,1.3325081137589823,2.0898936770734307,4.139993288984782,3.089673941137331,2.8091268136497107,3.6795551182938264,0.8595513298039573
"Promedio","01-2015",3.515238294998674,3.5697440732562242,1.5076905384573696,1.7228781771928325,2.401845800813869,0.7222743063782296,1.0105562705380111,2.2546559203566496,3.515238294998674,2.7473431675504227,2.7721589238658004,3.0908164386829413,1.310112719290882
"Promedio","02-2015",3.5846785959675196,3.2324516947473754,1.7240479318655495,1.437056056140941,2.0539654640987695,0.810522064839374,1.0885486808440843,2.127045173328312,3.5846785959675196,2.7676522530087913,2.0806854880276076,2.9805748197539237,0.44873171638211345
"Promedio","03-2015",3.6099307444258755,3.4830154669256532,1.3777855074048826,1.652475295522754,2.8692685523124104,1.2967161117883952,0.8222039820371189,2.003515510610674,3.6099307444258755,2.657751793151486,2.061339764370821,3.0972248846969475,0.7264361394992443
"Promedio","04-2015",4.371686856488865,4.2814886267747845,2.0870221941208755,1.972174823951047,3.3112181600102772,0.0,1.147907771614806,1.8880613149548175,4.371686856488865,3.4806757925708993,3.022474423422173,3.9633784086795125,0.7718488850291475
"Promedio","05-2015",2.5855179962287753,2.5294868206678083,1.0322153464950221,0.9709992851273279,1.6672364441905765,0.36388125881669625,0.7888233387506896,0.6214255760938566,2.5855179962287753,1.9070410064748797,1.4194055210214385,2.411950672958666,0.6196620680645224
"Promedio","06-2015",4.056369146535006,3.889260506488403,1.446227795279676,1.7194873362186953,3.1320354462044073,1.1139279054210498,2.5546243106442166,2.0551889957744565,4.056369146535006,3.2832929449231227,3.365569738995122,3.9431104412522378,0.9689085235132321
"Promedio","07-2015",3.740714380015605,3.5991682206358657,1.7234291655330303,2.1832205878426305,3.1116531775747958,1.1052284017987086,1.4315819527516982,1.8250026771205938,3.740714380015605,3.355751215295902,2.624411634350927,3.571880787732745,0.8048997924950005
"Promedio","08-2015",4.023868520231517,3.721134074506315,1.952421382500507,2.2494596417284773,3.5032703895103268,1.4243535163411172,1.696725296959958,2.4862597594510305,4.023868520231517,3.403182812860946,2.4299227773198373,3.5911827806845467,0.895261081223207
"Promedio","09-2015",4.539460344868365,4.403027562182125,2.034286093489324,3.057812829514633,3.631883618381551,1.7770596703094963,1.5940245952926586,1.9984875420936428,4.539460344868365,3.7464667296982275,2.9571026123625916,4.320618758890427,1.0680117234877538
"Promedio","10-2015",4.319749608373544,3.9259702925697204,1.7128797384647783,2.4713821280713626,2.898501518767875,1.504719692280127,0.967586279205133,1.4728227789319783,4.319749608373544,3.307845017079616,2.2798727307445,3.803566913644063,1.0577062682700062
"Promedio","11-2015",3.933241787128539,3.844779285931386,1.8516127608947432,1.685632991482256,3.0098170598903438,1.206258066302649,1.1133866577306402,2.0273610654384364,3.933241787128539,2.988087148014078,2.4110254942351244,3.503575036713561,1.7128376613209764
"Promedio","12-2015",3.9959560378191945,3.9862354926842234,2.405768091587802,2.2267976232213433,3.6590941110593445,0.772634246137161,1.5403290666582548,1.7017937415236641,3.9959560378191945,3.7252479755494856,2.4000641114120986,3.754085958186407,2.313395520508088
"Promedio","01-2016",3.3231108517742918,3.1700813957934932,1.4570544390396716,1.5306561427733225,2.373507807121525,0.5590772109834309,0.6371113079422458,1.7162090738859392,3.3231108517742918,2.6798520300418964,2.3858914472882984,2.980790004445445,1.274150316657358
"Promedio","02-2016",4.641273589547918,4.446860527100893,1.439139297957172,1.4211789323965707,3.034358900885271,1.200431907883998,1.2237433022641528,2.4862581647110615,4.641273589547918,3.554060471483254,2.913311439774613,4.017991710096136,1.6853473558007674
"Promedio","03-2016",4.469289486896983,4.239740915484905,1.6631357039464294,1.8202429719028215,2.815347768172655,1.2454719543527069,1.1621869845841388,1.9184995843879102,4.469289486896983,3.6182729238500664,2.5588495411177514,4.399003665622348,1.7697365737525654
"Promedio","04-2016",4.1145592368271675,3.6607030699148706,1.8753777868978128,1.4486015673356534,3.1449264430091106,1.8617166329162316,0.5644268536258633,1.6861211146900945,4.1145592368271675,3.3966254963856586,2.496678640632597,3.590661638537433,2.045232969307453
"Promedio","05-2016",3.556813380145036,3.542537426903444,2.070083765859332,1.7205676134064818,2.225006724470114,1.2684660001152779,1.5706343781168515,2.095358802813116,3.556813380145036,2.8308222365443254,2.2709654633195266,3.367974611166446,1.9415377531414688
"Promedio","06-2016",4.45170226217689,4.407548498107826,2.154237028826873,3.2984844189795557,3.2573334158472735,2.039326186194917,1.8549454059323107,1.1786715697913583,4.45170226217689,3.5880360304860304,3.34342794482571,4.017317873826406,1.7169448051721685
"Promedio","07-2016",4.121661212120788,4.127441444053519,1.8775356075783156,2.1480733927439526,2.5545900695285204,1.3195333046426025,1.0865781763325832,1.0669365001890196,4.121661212120788,3.3966387979761037,4.300572383157505,3.584900264552198,1.0402707391443344
"Promedio","08-2016",3.478695240483049,3.358318089178862,1.5164914172068815,1.6814821083080336,2.4168300674727123,0.8911806271747542,0.8715208592176809,0.6678721026268732,3.478695240483049,2.2863744359630727,2.2262911537258816,3.110216557172554,1.0329376562180699
"Promedio","09-2016",3.755557529894118,3.7288636758823137,1.14051619510289,1.5278314305140042,2.669136960896838,2.0391932296710285,0.6446069455307014,2.0403985804717917,3.755557529894118,2.9829608600110684,2.400127482128417,3.4535523248962243,1.7465003260079046
"Promedio","10-2016",4.19051220845082,4.157065547502722,1.6176618713610693,1.0926502121279402,2.570609793835651,1.6470922880052603,0.8196625672191241,1.6106073510818153,4.19051220845082,2.9621376623503117,2.79161170831091,3.377295718007509,1.4447338966301722
"Promedio","11-2016",4.337671383436951,4.310366500874454,1.3524341598644714,0.9397801021402089,3.0657146913924316,0.7105710815124873,0.8381847116393,1.8112780116779916,4.337671383436951,3.2359833275618417,2.9990567742051497,4.028394538613218,3.7114278174918867
"Promedio","12-2016",4.34331362120171,4.195358664802391,2.4503660299988463,2.4682942146144695,2.7989610485144882,0.931920259301843,1.1833603691164767,1.6587565034026255,4.34331362120171,3.223590873019963,2.8144028508402426,3.7800795781057253,2.9089115474160168
"Promedio","01-2017",4.809782189853575,4.819986589805842,3.2858697809711064,3.4901098404294086,3.9590427206096597,0.6906621853516275,0.40658350342818483,1.3514469958597253,4.809782189853575,4.128286243499332,4.222441253424958,4.350734432069802,4.806342947202692
"Promedio","02-2017",4.921380571946197,4.893465891814273,3.3248705322711882,3.3904034714232907,3.130631439925199,2.5942686340143726,1.7383454714918418,3.0048873339877153,4.921380571946197,4.163483547741271,4.305478494227063,4.657376263095217,4.014810774210929
"Promedio","03-2017",3.4995656585150385,3.532862353939299,2.353372226772232,2.084408175265851,2.2354531526897703,1.4798006693379466,1.3344114739950574,1.5150596568244803,3.4995656585150385,2.3675346130782833,2.5462679365561205,3.283621140072634,1.9466046241611616
"Promedio","04-2017",3.25986602111849,3.3333331021861583,1.295127138121719,1.186468658440681,1.8240278550561502,0.47049123959477446,0.4498305572533237,1.4671584415567474,3.25986602111849,2.6095334853397225,2.4107357517899994,3.0168020608133257,2.200767388779835
"Promedio","05-2017",3.6409196521507874,3.5319985119053174,1.774554292078973,1.476628752832206,2.551404573229979,1.55854783258854,1.2251770661502932,1.6186106215958624,3.6409196521507874,2.8033021290671893,2.3327214334133664,3.4738575238759695,2.3308120037659585
"Promedio","06-2017",3.7388965498427744,3.5010334361156628,2.930994038728857,3.129148422977428,3.0215515000446325,1.843368555100552,1.6958965117120552,2.3422524247925667,3.7388965498427744,3.1801101003486543,2.837412039811705,3.4303713994180107,1.4572524868139312
"Promedio","07-2017",2.9456741579497474,2.8923845415214484,1.4533323654984012,1.4176475652321805,1.6719148269707997,2.372904849093686,0.9292287274897718,1.3862537482111985,2.9456741579497474,2.0113592043835533,2.563803577870687,2.5601900900461874,1.5379485552323944
"Promedio","08-2017",3.013378204675742,2.8845541382889786,1.6213725612480083,1.1927913875366278,2.4117204688236415,0.75029706224848,0.7477187643016482,1.8812755880969558,3.013378204675742,2.7057956198627973,2.1488193132348594,2.7489180090190963,1.8059548291982193
"Promedio","09-2017",3.990201188960698,4.1246379650424165,1.744393304366315,1.4558865386270938,2.660977193176269,1.458460263097603,1.3915195553905935,3.7213176535187866,3.990201188960698,2.839290422025185,3.039736032667435,3.760494097928198,2.368690013816179
"Promedio","10-2017",3.782112746757227,3.5322210734308777,0.911875378594564,0.7992152752543112,2.6280868308484178,1.4604510514069489,0.7311604022156791,2.2439770798199423,3.782112746757227,2.8686344001632995,2.543247384826375,3.3493069832039506,2.167719999382182
"Promedio","11-2017",2.8601854533304505,2.864094012467826,1.420099706370607,0.8399174452500785,2.0828780232454975,1.58308043339368,1.1086158652200702,1.69543047036242,2.8601854533304505,2.4306058190198994,1.7134473308543037,2.617156514593479,1.618272369188789
"Promedio","12-2017",4.146372392896827,4.079610990961224,3.3002886400617837,1.8925571871104594,3.208601383984575,3.762195262500729,0.9315429207407062,1.8246010050320904,4.146372392896827,3.198804522808013,2.6024823556184815,3.7674674705421443,1.7303459785510469
"Promedio","01-2018",3.5283954380546567,3.4059602710343513,2.139117386115327,1.2822437945864582,2.7915058554917156,1.2149481930610473,1.1026843311030363,0.652599014391908,3.5283954380546567,2.855373319204224,2.8075836946485033,3.2747565532513305,2.3216891414991134
"Promedio","02-2018",2.8108678350198186,2.7988319824734043,2.4221804451645963,1.109927780901077,2.3618224092793825,1.1521810063754774,0.3717515377880296,1.056956806134421,2.8108678350198186,2.3367945585167416,2.6045929550422593,2.6726391845551087,1.8205339008867154
"Promedio","03-2018",3.6226055680731633,3.291914440330093,1.733870832195695,1.0681349285034107,2.171493601220014,1.5583745206357376,0.3647405267572484,1.0520681395364837,3.6226055680731633,2.621385834514663,3.4243833815344007,3.2771842491624756,2.4531781470256755
"Promedio","04-2018",3.359093652727737,3.212568150391449,1.1852602272221389,1.5456416027023545,2.1593266210002633,1.1088152118145693,0.7242537630763352,1.1815669723953128,3.359093652727737,2.3762066437325307,2.341724166110904,3.2496412376349846,1.890547710093536
